S0,m,r,T,corp,omega,alpha,beta,theta,lambda,sigma,V
104.837644644597,0.966808801881029,0.05,0.748292044097942,1,3.60601720402795e-07,1.00653602681063e-06,0.849534524596838,0.25012965864948,0.300206249596249,0.0001,3.47968703372504
104.837644644597,0.966808801881029,0.05,0.748292044097942,-1,3.60601720402795e-07,1.00653602681063e-06,0.849534524596838,0.25012965864948,0.300206249596249,0.0001,0
104.837644644597,0.974397960856802,0.05,0.123333608645102,1,3.60601720402795e-07,1.00653602681063e-06,0.849534524596838,0.25012965864948,0.300206249596249,0.0001,2.6840574818717
104.837644644597,0.974397960856802,0.05,0.123333608645102,-1,3.60601720402795e-07,1.00653602681063e-06,0.849534524596838,0.25012965864948,0.300206249596249,0.0001,0
104.837644644597,1.02031916102983,0.05,0.737333040356294,1,3.60601720402795e-07,1.00653602681063e-06,0.849534524596838,0.25012965864948,0.300206249596249,0.0001,0
104.837644644597,1.02031916102983,0.05,0.737333040356294,-1,3.60601720402795e-07,1.00653602681063e-06,0.849534524596838,0.25012965864948,0.300206249596249,0.0001,2.13021298352167
104.837644644597,1.18681193560547,0.05,0.59250902425815,1,3.60601720402795e-07,1.00653602681063e-06,0.849534524596838,0.25012965864948,0.300206249596249,0.0001,0
104.837644644597,1.18681193560547,0.05,0.59250902425815,-1,3.60601720402795e-07,1.00653602681063e-06,0.849534524596838,0.25012965864948,0.300206249596249,0.0001,19.5849233203756
104.837644644597,0.888797268435896,0.05,0.883659075559639,1,3.60601720402795e-07,1.00653602681063e-06,0.849534524596838,0.25012965864948,0.300206249596249,0.0001,11.6582324552261
104.837644644597,0.888797268435896,0.05,0.883659075559639,-1,3.60601720402795e-07,1.00653602681063e-06,0.849534524596838,0.25012965864948,0.300206249596249,0.0001,0
104.837644644597,1.1571440605744,0.05,0.39878182477106,1,3.60601720402795e-07,1.00653602681063e-06,0.849534524596838,0.25012965864948,0.300206249596249,0.0001,0
104.837644644597,1.1571440605744,0.05,0.39878182477106,-1,3.60601720402795e-07,1.00653602681063e-06,0.849534524596838,0.25012965864948,0.300206249596249,0.0001,16.474613180508
104.837644644597,0.830523315749583,0.05,0.801926913016103,1,3.60601720402795e-07,1.00653602681063e-06,0.849534524596838,0.25012965864948,0.300206249596249,0.0001,17.7675363989898
104.837644644597,0.830523315749583,0.05,0.801926913016103,-1,3.60601720402795e-07,1.00653602681063e-06,0.849534524596838,0.25012965864948,0.300206249596249,0.0001,0
104.837644644597,1.14937176111673,0.05,0.971686596538839,1,3.60601720402795e-07,1.00653602681063e-06,0.849534524596838,0.25012965864948,0.300206249596249,0.0001,0
104.837644644597,1.14937176111673,0.05,0.971686596538839,-1,3.60601720402795e-07,1.00653602681063e-06,0.849534524596838,0.25012965864948,0.300206249596249,0.0001,15.659783611893
104.837644644597,0.80414966155428,0.05,0.551687132933865,1,3.60601720402795e-07,1.00653602681063e-06,0.849534524596838,0.25012965864948,0.300206249596249,0.0001,20.5324881854964
104.837644644597,0.80414966155428,0.05,0.551687132933865,-1,3.60601720402795e-07,1.00653602681063e-06,0.849534524596838,0.25012965864948,0.300206249596249,0.0001,0
104.837644644597,1.1085282573067,0.05,0.118676754423461,1,3.60601720402795e-07,1.00653602681063e-06,0.849534524596838,0.25012965864948,0.300206249596249,0.0001,0
104.837644644597,1.1085282573067,0.05,0.118676754423461,-1,3.60601720402795e-07,1.00653602681063e-06,0.849534524596838,0.25012965864948,0.300206249596249,0.0001,11.377846873417
104.942641836006,0.872107875550708,0.05,0.117527717338862,1,3.60601720402795e-07,1.00653602681063e-06,0.849534524596838,0.25012965864948,0.300206249596249,0.0001,13.421337409728
104.942641836006,0.872107875550708,0.05,0.117527717338862,-1,3.60601720402795e-07,1.00653602681063e-06,0.849534524596838,0.25012965864948,0.300206249596249,0.0001,0
104.942641836006,0.861665136951869,0.05,0.766044726863864,1,3.60601720402795e-07,1.00653602681063e-06,0.849534524596838,0.25012965864948,0.300206249596249,0.0001,14.517225986293
104.942641836006,0.861665136951869,0.05,0.766044726863864,-1,3.60601720402795e-07,1.00653602681063e-06,0.849534524596838,0.25012965864948,0.300206249596249,0.0001,0
104.942641836006,1.11108096422953,0.05,0.313787098031421,1,3.60601720402795e-07,1.00653602681063e-06,0.849534524596838,0.25012965864948,0.300206249596249,0.0001,0
104.942641836006,1.11108096422953,0.05,0.313787098031421,-1,3.60601720402795e-07,1.00653602681063e-06,0.849534524596838,0.25012965864948,0.300206249596249,0.0001,11.6571298439376
104.942641836006,1.00557733750908,0.05,0.795848546871367,1,3.60601720402795e-07,1.00653602681063e-06,0.849534524596838,0.25012965864948,0.300206249596249,0.0001,0
104.942641836006,1.00557733750908,0.05,0.795848546871367,-1,3.60601720402795e-07,1.00653602681063e-06,0.849534524596838,0.25012965864948,0.300206249596249,0.0001,0.585300532613502
104.942641836006,1.13952707890743,0.05,0.261006332428899,1,3.60601720402795e-07,1.00653602681063e-06,0.849534524596838,0.25012965864948,0.300206249596249,0.0001,0
104.942641836006,1.13952707890743,0.05,0.261006332428899,-1,3.60601720402795e-07,1.00653602681063e-06,0.849534524596838,0.25012965864948,0.300206249596249,0.0001,14.6423402682068
104.942641836006,0.889316431661416,0.05,0.570847007260609,1,3.60601720402795e-07,1.00653602681063e-06,0.849534524596838,0.25012965864948,0.300206249596249,0.0001,11.6154260692872
104.942641836006,0.889316431661416,0.05,0.570847007260609,-1,3.60601720402795e-07,1.00653602681063e-06,0.849534524596838,0.25012965864948,0.300206249596249,0.0001,0
104.942641836006,0.917866001074844,0.05,0.577528080044765,1,3.60601720402795e-07,1.00653602681063e-06,0.849534524596838,0.25012965864948,0.300206249596249,0.0001,8.61935883176157
104.942641836006,0.917866001074844,0.05,0.577528080044765,-1,3.60601720402795e-07,1.00653602681063e-06,0.849534524596838,0.25012965864948,0.300206249596249,0.0001,0
104.942641836006,1.06014969669584,0.05,0.554908036361359,1,3.60601720402795e-07,1.00653602681063e-06,0.849534524596838,0.25012965864948,0.300206249596249,0.0001,0
104.942641836006,1.06014969669584,0.05,0.554908036361359,-1,3.60601720402795e-07,1.00653602681063e-06,0.849534524596838,0.25012965864948,0.300206249596249,0.0001,6.31226807689558
104.942641836006,0.839013440699781,0.05,0.785124745007371,1,3.60601720402795e-07,1.00653602681063e-06,0.849534524596838,0.25012965864948,0.300206249596249,0.0001,16.8943548330539
104.942641836006,0.839013440699781,0.05,0.785124745007371,-1,3.60601720402795e-07,1.00653602681063e-06,0.849534524596838,0.25012965864948,0.300206249596249,0.0001,0
104.942641836006,1.03525232043091,0.05,0.907942355118476,1,3.60601720402795e-07,1.00653602681063e-06,0.849534524596838,0.25012965864948,0.300206249596249,0.0001,0
104.942641836006,1.03525232043091,0.05,0.907942355118476,-1,3.60601720402795e-07,1.00653602681063e-06,0.849534524596838,0.25012965864948,0.300206249596249,0.0001,3.69947163686908
105.151317929379,0.819489952323651,0.05,0.360198693810835,1,3.60601720402795e-07,1.00653602681063e-06,0.849534524596838,0.25012965864948,0.300206249596249,0.0001,18.9808694126632
105.151317929379,0.819489952323651,0.05,0.360198693810835,-1,3.60601720402795e-07,1.00653602681063e-06,0.849534524596838,0.25012965864948,0.300206249596249,0.0001,0
105.151317929379,0.883384214943537,0.05,0.533512955587029,1,3.60601720402795e-07,1.00653602681063e-06,0.849534524596838,0.25012965864948,0.300206249596249,0.0001,12.2623034900563
105.151317929379,0.883384214943537,0.05,0.533512955587029,-1,3.60601720402795e-07,1.00653602681063e-06,0.849534524596838,0.25012965864948,0.300206249596249,0.0001,0
105.151317929379,1.00691915353864,0.05,0.952266343433333,1,3.60601720402795e-07,1.00653602681063e-06,0.849534524596838,0.25012965864948,0.300206249596249,0.0001,0
105.151317929379,1.00691915353864,0.05,0.952266343433333,-1,3.60601720402795e-07,1.00653602681063e-06,0.849534524596838,0.25012965864948,0.300206249596249,0.0001,0.727558113543267
105.151317929379,1.18400692133437,0.05,0.729560844954618,1,3.60601720402795e-07,1.00653602681063e-06,0.849534524596838,0.25012965864948,0.300206249596249,0.0001,0
105.151317929379,1.18400692133437,0.05,0.729560844954618,-1,3.60601720402795e-07,1.00653602681063e-06,0.849534524596838,0.25012965864948,0.300206249596249,0.0001,19.3485702864364
105.151317929379,1.14804965465088,0.05,0.624049235805304,1,3.60601720402795e-07,1.00653602681063e-06,0.849534524596838,0.25012965864948,0.300206249596249,0.0001,0
105.151317929379,1.14804965465088,0.05,0.624049235805304,-1,3.60601720402795e-07,1.00653602681063e-06,0.849534524596838,0.25012965864948,0.300206249596249,0.0001,15.56761630553
105.151317929379,0.923173981049988,0.05,0.567452331374771,1,3.60601720402795e-07,1.00653602681063e-06,0.849534524596838,0.25012965864948,0.300206249596249,0.0001,8.0783571438612
105.151317929379,0.923173981049988,0.05,0.567452331374771,-1,3.60601720402795e-07,1.00653602681063e-06,0.849534524596838,0.25012965864948,0.300206249596249,0.0001,0
105.151317929379,0.970288564207558,0.05,0.833125366445097,1,3.60601720402795e-07,1.00653602681063e-06,0.849534524596838,0.25012965864948,0.300206249596249,0.0001,3.12419663114939
105.151317929379,0.970288564207558,0.05,0.833125366445097,-1,3.60601720402795e-07,1.00653602681063e-06,0.849534524596838,0.25012965864948,0.300206249596249,0.0001,0
105.151317929379,1.09160549691565,0.05,0.605115642094877,1,3.60601720402795e-07,1.00653602681063e-06,0.849534524596838,0.25012965864948,0.300206249596249,0.0001,0
105.151317929379,1.09160549691565,0.05,0.605115642094877,-1,3.60601720402795e-07,1.00653602681063e-06,0.849534524596838,0.25012965864948,0.300206249596249,0.0001,9.63243873025606
105.151317929379,1.14550399422803,0.05,0.356415368704864,1,3.60601720402795e-07,1.00653602681063e-06,0.849534524596838,0.25012965864948,0.300206249596249,0.0001,0
105.151317929379,1.14550399422803,0.05,0.356415368704864,-1,3.60601720402795e-07,1.00653602681063e-06,0.849534524596838,0.25012965864948,0.300206249596249,0.0001,15.2999367570665
105.151317929379,1.05765741442733,0.05,0.442673640671605,1,3.60601720402795e-07,1.00653602681063e-06,0.849534524596838,0.25012965864948,0.300206249596249,0.0001,0
105.151317929379,1.05765741442733,0.05,0.442673640671605,-1,3.60601720402795e-07,1.00653602681063e-06,0.849534524596838,0.25012965864948,0.300206249596249,0.0001,6.06275311543459
105.216576996647,0.914421528664206,0.05,0.9622950098671,1,3.60601720402795e-07,1.00653602681063e-06,0.849534524596838,0.25012965864948,0.300206249596249,0.0001,9.00427381855793
105.216576996647,0.914421528664206,0.05,0.9622950098671,-1,3.60601720402795e-07,1.00653602681063e-06,0.849534524596838,0.25012965864948,0.300206249596249,0.0001,0
105.216576996647,1.14355570691722,0.05,0.435440039477752,1,3.60601720402795e-07,1.00653602681063e-06,0.849534524596838,0.25012965864948,0.300206249596249,0.0001,0
105.216576996647,1.14355570691722,0.05,0.435440039477752,-1,3.60601720402795e-07,1.00653602681063e-06,0.849534524596838,0.25012965864948,0.300206249596249,0.0001,15.1044400901634
105.216576996647,0.899404050975092,0.05,0.504977878945716,1,3.60601720402795e-07,1.00653602681063e-06,0.849534524596838,0.25012965864948,0.300206249596249,0.0001,10.5843614161301
105.216576996647,0.899404050975092,0.05,0.504977878945716,-1,3.60601720402795e-07,1.00653602681063e-06,0.849534524596838,0.25012965864948,0.300206249596249,0.0001,0
105.216576996647,0.815424672352564,0.05,0.802090414472207,1,3.60601720402795e-07,1.00653602681063e-06,0.849534524596838,0.25012965864948,0.300206249596249,0.0001,19.4203841730979
105.216576996647,0.815424672352564,0.05,0.802090414472207,-1,3.60601720402795e-07,1.00653602681063e-06,0.849534524596838,0.25012965864948,0.300206249596249,0.0001,0
105.216576996647,0.983221979289636,0.05,0.37751464626842,1,3.60601720402795e-07,1.00653602681063e-06,0.849534524596838,0.25012965864948,0.300206249596249,0.0001,1.76532590792334
105.216576996647,0.983221979289636,0.05,0.37751464626842,-1,3.60601720402795e-07,1.00653602681063e-06,0.849534524596838,0.25012965864948,0.300206249596249,0.0001,0
105.216576996647,1.09140287663829,0.05,0.641452791133192,1,3.60601720402795e-07,1.00653602681063e-06,0.849534524596838,0.25012965864948,0.300206249596249,0.0001,0
105.216576996647,1.09140287663829,0.05,0.641452791133192,-1,3.60601720402795e-07,1.00653602681063e-06,0.849534524596838,0.25012965864948,0.300206249596249,0.0001,9.61709780752773
105.216576996647,1.17779864114292,0.05,0.517688356873967,1,3.60601720402795e-07,1.00653602681063e-06,0.849534524596838,0.25012965864948,0.300206249596249,0.0001,0
105.216576996647,1.17779864114292,0.05,0.517688356873967,-1,3.60601720402795e-07,1.00653602681063e-06,0.849534524596838,0.25012965864948,0.300206249596249,0.0001,18.7073644157136
105.216576996647,0.953909247806698,0.05,0.873737061931557,1,3.60601720402795e-07,1.00653602681063e-06,0.849534524596838,0.25012965864948,0.300206249596249,0.0001,4.84951117698
105.216576996647,0.953909247806698,0.05,0.873737061931557,-1,3.60601720402795e-07,1.00653602681063e-06,0.849534524596838,0.25012965864948,0.300206249596249,0.0001,0
105.216576996647,1.01875566245814,0.05,0.818109119154345,1,3.60601720402795e-07,1.00653602681063e-06,0.849534524596838,0.25012965864948,0.300206249596249,0.0001,0
105.216576996647,1.01875566245814,0.05,0.818109119154345,-1,3.60601720402795e-07,1.00653602681063e-06,0.849534524596838,0.25012965864948,0.300206249596249,0.0001,1.97340660315022
105.216576996647,0.963074811232114,0.05,0.149829436100674,1,3.60601720402795e-07,1.00653602681063e-06,0.849534524596838,0.25012965864948,0.300206249596249,0.0001,3.88514196711196
105.216576996647,0.963074811232114,0.05,0.149829436100674,-1,3.60601720402795e-07,1.00653602681063e-06,0.849534524596838,0.25012965864948,0.300206249596249,0.0001,0
105.28814103303,0.900369449497976,0.05,0.141486238605351,1,3.60601720402795e-07,1.00653602681063e-06,0.849534524596838,0.25012965864948,0.300206249596249,0.0001,10.4899154524555
105.28814103303,0.900369449497976,0.05,0.141486238605351,-1,3.60601720402795e-07,1.00653602681063e-06,0.849534524596838,0.25012965864948,0.300206249596249,0.0001,0
105.28814103303,0.949816047538945,0.05,0.955642875768925,1,3.60601720402795e-07,1.00653602681063e-06,0.849534524596838,0.25012965864948,0.300206249596249,0.0001,5.28377506431441
105.28814103303,0.949816047538945,0.05,0.955642875768925,-1,3.60601720402795e-07,1.00653602681063e-06,0.849534524596838,0.25012965864948,0.300206249596249,0.0001,0
105.28814103303,0.846021826555912,0.05,0.648159885351533,1,3.60601720402795e-07,1.00653602681063e-06,0.849534524596838,0.25012965864948,0.300206249596249,0.0001,16.2120756415895
105.28814103303,0.846021826555912,0.05,0.648159885351533,-1,3.60601720402795e-07,1.00653602681063e-06,0.849534524596838,0.25012965864948,0.300206249596249,0.0001,0
105.28814103303,1.13393685946626,0.05,0.194316493932883,1,3.60601720402795e-07,1.00653602681063e-06,0.849534524596838,0.25012965864948,0.300206249596249,0.0001,0
105.28814103303,1.13393685946626,0.05,0.194316493932883,-1,3.60601720402795e-07,1.00653602681063e-06,0.849534524596838,0.25012965864948,0.300206249596249,0.0001,14.1019629490046
105.28814103303,1.19560460539024,0.05,0.594590254160253,1,3.60601720402795e-07,1.00653602681063e-06,0.849534524596838,0.25012965864948,0.300206249596249,0.0001,0
105.28814103303,1.19560460539024,0.05,0.594590254160253,-1,3.60601720402795e-07,1.00653602681063e-06,0.849534524596838,0.25012965864948,0.300206249596249,0.0001,20.5948452790377
105.28814103303,1.1135329403223,0.05,0.671350335447457,1,3.60601720402795e-07,1.00653602681063e-06,0.849534524596838,0.25012965864948,0.300206249596249,0.0001,0
105.28814103303,1.1135329403223,0.05,0.671350335447457,-1,3.60601720402795e-07,1.00653602681063e-06,0.849534524596838,0.25012965864948,0.300206249596249,0.0001,11.9536722325489
105.28814103303,0.84539538875746,0.05,0.977034784992811,1,3.60601720402795e-07,1.00653602681063e-06,0.849534524596838,0.25012965864948,0.300206249596249,0.0001,16.2780321128613
105.28814103303,0.84539538875746,0.05,0.977034784992811,-1,3.60601720402795e-07,1.00653602681063e-06,0.849534524596838,0.25012965864948,0.300206249596249,0.0001,0
105.28814103303,0.806996108372461,0.05,0.902415940462233,1,3.60601720402795e-07,1.00653602681063e-06,0.849534524596838,0.25012965864948,0.300206249596249,0.0001,20.3210209616039
105.28814103303,0.806996108372461,0.05,0.902415940462233,-1,3.60601720402795e-07,1.00653602681063e-06,0.849534524596838,0.25012965864948,0.300206249596249,0.0001,0
105.28814103303,0.920385782342366,0.05,0.322355648765633,1,3.60601720402795e-07,1.00653602681063e-06,0.849534524596838,0.25012965864948,0.300206249596249,0.0001,8.3824329769713
105.28814103303,0.920385782342366,0.05,0.322355648765633,-1,3.60601720402795e-07,1.00653602681063e-06,0.849534524596838,0.25012965864948,0.300206249596249,0.0001,0
105.28814103303,0.997840658215209,0.05,0.305274794004403,1,3.60601720402795e-07,1.00653602681063e-06,0.849534524596838,0.25012965864948,0.300206249596249,0.0001,0.227353082375629
105.28814103303,0.997840658215209,0.05,0.305274794004403,-1,3.60601720402795e-07,1.00653602681063e-06,0.849534524596838,0.25012965864948,0.300206249596249,0.0001,0
105.361649008325,1.07029256620142,0.05,0.140240963982651,1,3.60601720402795e-07,1.00653602681063e-06,0.849534524596838,0.25012965864948,0.300206249596249,0.0001,0
105.361649008325,1.07029256620142,0.05,0.140240963982651,-1,3.60601720402795e-07,1.00653602681063e-06,0.849534524596838,0.25012965864948,0.300206249596249,0.0001,7.40614068800853
105.361649008325,1.12924413628392,0.05,0.123506183412881,1,3.60601720402795e-07,1.00653602681063e-06,0.849534524596838,0.25012965864948,0.300206249596249,0.0001,0
105.361649008325,1.12924413628392,0.05,0.123506183412881,-1,3.60601720402795e-07,1.00653602681063e-06,0.849534524596838,0.25012965864948,0.300206249596249,0.0001,13.6173753235301
105.361649008325,1.13866496288405,0.05,0.605048986238531,1,3.60601720402795e-07,1.00653602681063e-06,0.849534524596838,0.25012965864948,0.300206249596249,0.0001,0
105.361649008325,1.13866496288405,0.05,0.605048986238531,-1,3.60601720402795e-07,1.00653602681063e-06,0.849534524596838,0.25012965864948,0.300206249596249,0.0001,14.609969149142
105.361649008325,0.968073186856309,0.05,0.426915547268577,1,3.60601720402795e-07,1.00653602681063e-06,0.849534524596838,0.25012965864948,0.300206249596249,0.0001,3.36386168039989
105.361649008325,0.968073186856309,0.05,0.426915547268577,-1,3.60601720402795e-07,1.00653602681063e-06,0.849534524596838,0.25012965864948,0.300206249596249,0.0001,0
105.361649008325,0.837243314668743,0.05,0.974490327990809,1,3.60601720402795e-07,1.00653602681063e-06,0.849534524596838,0.25012965864948,0.300206249596249,0.0001,17.1483127536302
105.361649008325,0.837243314668743,0.05,0.974490327990809,-1,3.60601720402795e-07,1.00653602681063e-06,0.849534524596838,0.25012965864948,0.300206249596249,0.0001,0
105.361649008325,1.19367674021703,0.05,0.400071039413188,1,3.60601720402795e-07,1.00653602681063e-06,0.849534524596838,0.25012965864948,0.300206249596249,0.0001,0
105.361649008325,1.19367674021703,0.05,0.400071039413188,-1,3.60601720402795e-07,1.00653602681063e-06,0.849534524596838,0.25012965864948,0.300206249596249,0.0001,20.4061007238233
105.361649008325,0.83493985716087,0.05,0.307429389596555,1,3.60601720402795e-07,1.00653602681063e-06,0.849534524596838,0.25012965864948,0.300206249596249,0.0001,17.3910088350804
105.361649008325,0.83493985716087,0.05,0.307429389596555,-1,3.60601720402795e-07,1.00653602681063e-06,0.849534524596838,0.25012965864948,0.300206249596249,0.0001,0
105.361649008325,0.946042233209078,0.05,0.506085324304004,1,3.60601720402795e-07,1.00653602681063e-06,0.849534524596838,0.25012965864948,0.300206249596249,0.0001,5.68507928589821
105.361649008325,0.946042233209078,0.05,0.506085324304004,-1,3.60601720402795e-07,1.00653602681063e-06,0.849534524596838,0.25012965864948,0.300206249596249,0.0001,0
105.361649008325,1.16961404622977,0.05,0.242083522481313,1,3.60601720402795e-07,1.00653602681063e-06,0.849534524596838,0.25012965864948,0.300206249596249,0.0001,0
105.361649008325,1.16961404622977,0.05,0.242083522481313,-1,3.60601720402795e-07,1.00653602681063e-06,0.849534524596838,0.25012965864948,0.300206249596249,0.0001,17.8708156057428
105.361649008325,0.920349332018648,0.05,0.26825123470769,1,3.60601720402795e-07,1.00653602681063e-06,0.849534524596838,0.25012965864948,0.300206249596249,0.0001,8.39212572312987
105.361649008325,0.920349332018648,0.05,0.26825123470769,-1,3.60601720402795e-07,1.00653602681063e-06,0.849534524596838,0.25012965864948,0.300206249596249,0.0001,0
105.560031156197,1.12978779036531,0.05,0.26321475924748,1,3.60601720402795e-07,1.00653602681063e-06,0.849534524596838,0.25012965864948,0.300206249596249,0.0001,0
105.560031156197,1.12978779036531,0.05,0.26321475924748,-1,3.60601720402795e-07,1.00653602681063e-06,0.849534524596838,0.25012965864948,0.300206249596249,0.0001,13.7004031946564
105.560031156197,0.813501884169283,0.05,0.540196757169026,1,3.60601720402795e-07,1.00653602681063e-06,0.849534524596838,0.25012965864948,0.300206249596249,0.0001,19.6867469176626
105.560031156197,0.813501884169283,0.05,0.540196757169026,-1,3.60601720402795e-07,1.00653602681063e-06,0.849534524596838,0.25012965864948,0.300206249596249,0.0001,0
105.560031156197,1.02157640900023,0.05,0.45662310433483,1,3.60601720402795e-07,1.00653602681063e-06,0.849534524596838,0.25012965864948,0.300206249596249,0.0001,0
105.560031156197,1.02157640900023,0.05,0.45662310433483,-1,3.60601720402795e-07,1.00653602681063e-06,0.849534524596838,0.25012965864948,0.300206249596249,0.0001,2.27760640630362
105.560031156197,0.951639410173508,0.05,0.610388350461653,1,3.60601720402795e-07,1.00653602681063e-06,0.849534524596838,0.25012965864948,0.300206249596249,0.0001,5.10494536881657
105.560031156197,0.951639410173508,0.05,0.610388350461653,-1,3.60601720402795e-07,1.00653602681063e-06,0.849534524596838,0.25012965864948,0.300206249596249,0.0001,0
105.560031156197,0.887458020058882,0.05,0.128262447552322,1,3.60601720402795e-07,1.00653602681063e-06,0.849534524596838,0.25012965864948,0.300206249596249,0.0001,11.8799349089645
105.560031156197,0.887458020058882,0.05,0.128262447552322,-1,3.60601720402795e-07,1.00653602681063e-06,0.849534524596838,0.25012965864948,0.300206249596249,0.0001,0
105.560031156197,0.86171503125251,0.05,0.220329604630059,1,3.60601720402795e-07,1.00653602681063e-06,0.849534524596838,0.25012965864948,0.300206249596249,0.0001,14.5973656094188
105.560031156197,0.86171503125251,0.05,0.220329604630059,-1,3.60601720402795e-07,1.00653602681063e-06,0.849534524596838,0.25012965864948,0.300206249596249,0.0001,0
105.560031156197,1.01834057197399,0.05,0.872970949532223,1,3.60601720402795e-07,1.00653602681063e-06,0.849534524596838,0.25012965864948,0.300206249596249,0.0001,0
105.560031156197,1.01834057197399,0.05,0.872970949532223,-1,3.60601720402795e-07,1.00653602681063e-06,0.849534524596838,0.25012965864948,0.300206249596249,0.0001,1.93603134899702
105.560031156197,0.903748587979377,0.05,0.13902494604571,1,3.60601720402795e-07,1.00653602681063e-06,0.849534524596838,0.25012965864948,0.300206249596249,0.0001,10.1603020517249
105.560031156197,0.903748587979377,0.05,0.13902494604571,-1,3.60601720402795e-07,1.00653602681063e-06,0.849534524596838,0.25012965864948,0.300206249596249,0.0001,0
105.560031156197,0.918499664668973,0.05,0.828160944105994,1,3.60601720402795e-07,1.00653602681063e-06,0.849534524596838,0.25012965864948,0.300206249596249,0.0001,8.60317793678369
105.560031156197,0.918499664668973,0.05,0.828160944105994,-1,3.60601720402795e-07,1.00653602681063e-06,0.849534524596838,0.25012965864948,0.300206249596249,0.0001,0
105.560031156197,1.17099221544758,0.05,0.885183664968294,1,3.60601720402795e-07,1.00653602681063e-06,0.849534524596838,0.25012965864948,0.300206249596249,0.0001,0
105.560031156197,1.17099221544758,0.05,0.885183664968294,-1,3.60601720402795e-07,1.00653602681063e-06,0.849534524596838,0.25012965864948,0.300206249596249,0.0001,18.0499435901141
105.678256439255,0.874230109927416,0.05,0.447939372737863,1,3.60601720402795e-07,1.00653602681063e-06,0.849534524596838,0.25012965864948,0.300206249596249,0.0001,13.2911426954275
105.678256439255,0.874230109927416,0.05,0.447939372737863,-1,3.60601720402795e-07,1.00653602681063e-06,0.849534524596838,0.25012965864948,0.300206249596249,0.0001,0
105.678256439255,0.842695280902124,0.05,0.715908369950819,1,3.60601720402795e-07,1.00653602681063e-06,0.849534524596838,0.25012965864948,0.300206249596249,0.0001,16.6236884439303
105.678256439255,0.842695280902124,0.05,0.715908369950819,-1,3.60601720402795e-07,1.00653602681063e-06,0.849534524596838,0.25012965864948,0.300206249596249,0.0001,0
105.678256439255,1.05707596631443,0.05,0.584758837872052,1,3.60601720402795e-07,1.00653602681063e-06,0.849534524596838,0.25012965864948,0.300206249596249,0.0001,0
105.678256439255,1.05707596631443,0.05,0.584758837872052,-1,3.60601720402795e-07,1.00653602681063e-06,0.849534524596838,0.25012965864948,0.300206249596249,0.0001,6.03168860469478
105.678256439255,0.880880917372097,0.05,0.806092843699505,1,3.60601720402795e-07,1.00653602681063e-06,0.849534524596838,0.25012965864948,0.300206249596249,0.0001,12.5882969607604
105.678256439255,0.880880917372097,0.05,0.806092843699505,-1,3.60601720402795e-07,1.00653602681063e-06,0.849534524596838,0.25012965864948,0.300206249596249,0.0001,0
105.678256439255,1.0275760880477,0.05,0.159367804830498,1,3.60601720402795e-07,1.00653602681063e-06,0.849534524596838,0.25012965864948,0.300206249596249,0.0001,0
105.678256439255,1.0275760880477,0.05,0.159367804830498,-1,3.60601720402795e-07,1.00653602681063e-06,0.849534524596838,0.25012965864948,0.300206249596249,0.0001,2.91419290429613
105.678256439255,0.924331919902542,0.05,0.837088498646965,1,3.60601720402795e-07,1.00653602681063e-06,0.849534524596838,0.25012965864948,0.300206249596249,0.0001,7.99647077280522
105.678256439255,0.924331919902542,0.05,0.837088498646965,-1,3.60601720402795e-07,1.00653602681063e-06,0.849534524596838,0.25012965864948,0.300206249596249,0.0001,0
105.678256439255,1.16764361271967,0.05,0.67797603993147,1,3.60601720402795e-07,1.00653602681063e-06,0.849534524596838,0.25012965864948,0.300206249596249,0.0001,0
105.678256439255,1.16764361271967,0.05,0.67797603993147,-1,3.60601720402795e-07,1.00653602681063e-06,0.849534524596838,0.25012965864948,0.300206249596249,0.0001,17.7162846953927
105.678256439255,0.819272491000095,0.05,0.712866712480946,1,3.60601720402795e-07,1.00653602681063e-06,0.849534524596838,0.25012965864948,0.300206249596249,0.0001,19.0989680417197
105.678256439255,0.819272491000095,0.05,0.712866712480946,-1,3.60601720402795e-07,1.00653602681063e-06,0.849534524596838,0.25012965864948,0.300206249596249,0.0001,0
105.678256439255,1.00026725053615,0.05,0.521260683353304,1,3.60601720402795e-07,1.00653602681063e-06,0.849534524596838,0.25012965864948,0.300206249596249,0.0001,0
105.678256439255,1.00026725053615,0.05,0.521260683353304,-1,3.60601720402795e-07,1.00653602681063e-06,0.849534524596838,0.25012965864948,0.300206249596249,0.0001,0.0282425706930525
105.678256439255,1.0087662866001,0.05,0.729465730313198,1,3.60601720402795e-07,1.00653602681063e-06,0.849534524596838,0.25012965864948,0.300206249596249,0.0001,0
105.678256439255,1.0087662866001,0.05,0.729465730313198,-1,3.60601720402795e-07,1.00653602681063e-06,0.849534524596838,0.25012965864948,0.300206249596249,0.0001,0.926405883345581
105.464481623524,0.942167647122095,0.05,0.406763989020371,1,3.60601720402795e-07,1.00653602681063e-06,0.849534524596838,0.25012965864948,0.300206249596249,0.0001,6.099259117337
105.464481623524,0.942167647122095,0.05,0.406763989020371,-1,3.60601720402795e-07,1.00653602681063e-06,0.849534524596838,0.25012965864948,0.300206249596249,0.0001,0
105.464481623524,0.910090267920535,0.05,0.675307684832743,1,3.60601720402795e-07,1.00653602681063e-06,0.849534524596838,0.25012965864948,0.300206249596249,0.0001,9.48228328667066
105.464481623524,0.910090267920535,0.05,0.675307684832743,-1,3.60601720402795e-07,1.00653602681063e-06,0.849534524596838,0.25012965864948,0.300206249596249,0.0001,0
105.464481623524,0.902816970842056,0.05,0.715408824763965,1,3.60601720402795e-07,1.00653602681063e-06,0.849534524596838,0.25012965864948,0.300206249596249,0.0001,10.2493577927464
105.464481623524,0.902816970842056,0.05,0.715408824763965,-1,3.60601720402795e-07,1.00653602681063e-06,0.849534524596838,0.25012965864948,0.300206249596249,0.0001,0
105.464481623524,0.818416397452594,0.05,0.433218084504039,1,3.60601720402795e-07,1.00653602681063e-06,0.849534524596838,0.25012965864948,0.300206249596249,0.0001,19.1506205139941
105.464481623524,0.818416397452594,0.05,0.433218084504039,-1,3.60601720402795e-07,1.00653602681063e-06,0.849534524596838,0.25012965864948,0.300206249596249,0.0001,0
105.464481623524,1.0481495258213,0.05,0.558057761780866,1,3.60601720402795e-07,1.00653602681063e-06,0.849534524596838,0.25012965864948,0.300206249596249,0.0001,0
105.464481623524,1.0481495258213,0.05,0.558057761780866,-1,3.60601720402795e-07,1.00653602681063e-06,0.849534524596838,0.25012965864948,0.300206249596249,0.0001,5.07806478116214
105.464481623524,0.881042781451556,0.05,0.286383793654876,1,3.60601720402795e-07,1.00653602681063e-06,0.849534524596838,0.25012965864948,0.300206249596249,0.0001,12.5457613895878
105.464481623524,0.881042781451556,0.05,0.286383793654876,-1,3.60601720402795e-07,1.00653602681063e-06,0.849534524596838,0.25012965864948,0.300206249596249,0.0001,0
105.464481623524,1.06250567409318,0.05,0.959411239221905,1,3.60601720402795e-07,1.00653602681063e-06,0.849534524596838,0.25012965864948,0.300206249596249,0.0001,0
105.464481623524,1.06250567409318,0.05,0.959411239221905,-1,3.60601720402795e-07,1.00653602681063e-06,0.849534524596838,0.25012965864948,0.300206249596249,0.0001,6.59212851676642
105.464481623524,1.05902041974121,0.05,0.556434719391772,1,3.60601720402795e-07,1.00653602681063e-06,0.849534524596838,0.25012965864948,0.300206249596249,0.0001,0
105.464481623524,1.05902041974121,0.05,0.556434719391772,-1,3.60601720402795e-07,1.00653602681063e-06,0.849534524596838,0.25012965864948,0.300206249596249,0.0001,6.22455797320943
105.464481623524,0.999877728187534,0.05,0.330343420880503,1,3.60601720402795e-07,1.00653602681063e-06,0.849534524596838,0.25012965864948,0.300206249596249,0.0001,0.0128953333189372
105.464481623524,0.999877728187534,0.05,0.330343420880503,-1,3.60601720402795e-07,1.00653602681063e-06,0.849534524596838,0.25012965864948,0.300206249596249,0.0001,0
105.464481623524,0.861221679506459,0.05,0.241917094908467,1,3.60601720402795e-07,1.00653602681063e-06,0.849534524596838,0.25012965864948,0.300206249596249,0.0001,14.6361836314346
105.464481623524,0.861221679506459,0.05,0.241917094908467,-1,3.60601720402795e-07,1.00653602681063e-06,0.849534524596838,0.25012965864948,0.300206249596249,0.0001,0
105.577499739,0.88040143844719,0.05,0.396118419842964,1,3.60601720402795e-07,1.00653602681063e-06,0.849534524596838,0.25012965864948,0.300206249596249,0.0001,12.6269171011266
105.577499739,0.88040143844719,0.05,0.396118419842964,-1,3.60601720402795e-07,1.00653602681063e-06,0.849534524596838,0.25012965864948,0.300206249596249,0.0001,0
105.577499739,1.15435219977505,0.05,0.809723410123352,1,3.60601720402795e-07,1.00653602681063e-06,0.849534524596838,0.25012965864948,0.300206249596249,0.0001,0
105.577499739,1.15435219977505,0.05,0.809723410123352,-1,3.60601720402795e-07,1.00653602681063e-06,0.849534524596838,0.25012965864948,0.300206249596249,0.0001,16.2961193314644
105.577499739,1.04254173511059,0.05,0.691760411756034,1,3.60601720402795e-07,1.00653602681063e-06,0.849534524596838,0.25012965864948,0.300206249596249,0.0001,0
105.577499739,1.04254173511059,0.05,0.691760411756034,-1,3.60601720402795e-07,1.00653602681063e-06,0.849534524596838,0.25012965864948,0.300206249596249,0.0001,4.49145002753492
105.577499739,1.08775431449758,0.05,0.646499058059791,1,3.60601720402795e-07,1.00653602681063e-06,0.849534524596838,0.25012965864948,0.300206249596249,0.0001,0
105.577499739,1.08775431449758,0.05,0.646499058059791,-1,3.60601720402795e-07,1.00653602681063e-06,0.849534524596838,0.25012965864948,0.300206249596249,0.0001,9.26488111596473
105.577499739,0.891521395022761,0.05,0.271619216761765,1,3.60601720402795e-07,1.00653602681063e-06,0.849534524596838,0.25012965864948,0.300206249596249,0.0001,11.4528998886716
105.577499739,0.891521395022761,0.05,0.271619216761765,-1,3.60601720402795e-07,1.00653602681063e-06,0.849534524596838,0.25012965864948,0.300206249596249,0.0001,0
105.577499739,0.885874755606731,0.05,0.918552134207497,1,3.60601720402795e-07,1.00653602681063e-06,0.849534524596838,0.25012965864948,0.300206249596249,0.0001,12.0490579601437
105.577499739,0.885874755606731,0.05,0.918552134207497,-1,3.60601720402795e-07,1.00653602681063e-06,0.849534524596838,0.25012965864948,0.300206249596249,0.0001,0
105.577499739,1.13477764970581,0.05,0.973212266746297,1,3.60601720402795e-07,1.00653602681063e-06,0.849534524596838,0.25012965864948,0.300206249596249,0.0001,0
105.577499739,1.13477764970581,0.05,0.973212266746297,-1,3.60601720402795e-07,1.00653602681063e-06,0.849534524596838,0.25012965864948,0.300206249596249,0.0001,14.2294872766381
105.577499739,1.09290689922754,0.05,0.610470113905796,1,3.60601720402795e-07,1.00653602681063e-06,0.849534524596838,0.25012965864948,0.300206249596249,0.0001,0
105.577499739,1.09290689922754,0.05,0.610470113905796,-1,3.60601720402795e-07,1.00653602681063e-06,0.849534524596838,0.25012965864948,0.300206249596249,0.0001,9.80887812894697
105.577499739,1.06891142345232,0.05,0.539270559316525,1,3.60601720402795e-07,1.00653602681063e-06,0.849534524596838,0.25012965864948,0.300206249596249,0.0001,0
105.577499739,1.06891142345232,0.05,0.539270559316525,-1,3.60601720402795e-07,1.00653602681063e-06,0.849534524596838,0.25012965864948,0.300206249596249,0.0001,7.27549579155108
105.577499739,1.01736197671639,0.05,0.350532446584417,1,3.60601720402795e-07,1.00653602681063e-06,0.849534524596838,0.25012965864948,0.300206249596249,0.0001,0
105.577499739,1.01736197671639,0.05,0.350532446584417,-1,3.60601720402795e-07,1.00653602681063e-06,0.849534524596838,0.25012965864948,0.300206249596249,0.0001,1.83303409224278
