ticker,period,strategy,alpha,beta,omega,gamma,lambda,sigma_eps,alpha_init,beta_init,omega_init,gamma_init,lambda_init,two_norm_error,aic,bic,aic_init,bic_init,loss,loss_init,calibration_time_sec,n_options,n_returns,status,error
AAPL,Period1,best1bin,1.31188052105245E-06,0.969071508632815,8.39266321342527E-06,0.257083192564188,0.473849241741712,0.299997002498664,0.0000015,0.888857508066317,0.00001,0.25,0.3,1.10892942097964,-24.3804470250328,14.1432114213609,-4.01298579731367,17.5329360857515,29215896.2874621,3000.37601658254,2482.4613366127,16395,268,ok,
AAPL,Period2,best1bin,1.3399346833751E-06,0.97883091835417,8.92251695933376E-06,0.28595975276315,0.355256006454417,0.299998515854542,0.0000015,0.977272992548712,1.23697084280584E-06,0.25,0.3,1.07985636874993,-29.1467309770096,19.8090844159605,,,316668324.298788,-2736.35642117802,21865.309530735,132080,1936,ok,
AAPL,Period3,best1bin,1.29966633518409E-06,0.933592351141137,9.81073280853645E-06,0.256172028932581,0.597690488374279,0.299994955587537,0.0000015,0.881168026728379,0.00001,0.25,0.3,1.13774017530704,-24.8918826604539,21.1532131152532,,,37729065.7521152,-959.799156441756,6218.69332146645,73793,904,ok,
ABT,Period1,best1bin,0.000001,0.99,1.30036161977945E-06,0.25,0.3,0.1,0.000001,0.99,1.30036161977945E-06,0.25,0.3,1.06423681575235,,,,,,,13333.8530187607,3753,307,ok,
ABT,Period2,best1bin,1.0527349436234E-06,0.958110673758495,8.3755405477337E-06,0.258332976069124,0.529532472189975,0.299992972235354,0.0000015,0.960980524056924,3.89430579569541E-06,0.25,0.3,1.12477403458187,-22.688020886885,14.6535310153272,,,12534688.5576042,-3609.9728214149,1682.19553017616,12943,1205,ok,
ABT,Period3,best1bin,1.10485436645697E-06,0.98171549668992,9.81211519538628E-06,0.255300945916251,0.32289072633557,0.299994377580105,0.0000015,0.723873272614239,0.00001,0.25,0.3,1.06451975588895,-20.1986302480828,14.3637361242474,-3.01366816854779,25.1313854959636,3610349.44228539,1820.44104708118,1060.2828578949,7424,805,ok,
ADBE,Period1,best1bin,1.39538220161252E-06,0.989428531364785,8.84624061969116E-06,0.373310378113554,0.351437068336015,0.299994742682675,0.0000015,0.845327118329981,0.00001,0.25,0.3,1.11437761560737,-20.2918725979515,10.9192768589097,-5.01788754878187,16.1586869762867,3782653.4755209,4958.92258020938,509.914670228958,3798,252,ok,
ADBE,Period2,best1bin,1.19268569485516E-06,0.986658768414471,7.6613962215086E-06,0.258087999869521,0.382656237237272,0.299997954625032,0.0000015,0.977809490601582,2.59363328289987E-06,0.25,0.3,1.08927991669842,-20.5082673029516,18.5581791201383,,,4214888.31265306,-2017.34209656551,2105.02110242844,18275,1110,ok,
ADBE,Period3,best1bin,1.39898514045607E-06,0.981171049376026,9.16388934012583E-06,0.487682799959217,0.308856608463148,0.29999537881845,0.0000015,0.80431472338747,0.00001,0.25,0.3,1.13838637825081,-22.2506004351822,17.4600554454595,-4.18564759620541,24.5885870548357,10072305.8196182,3270.91093372851,4242.02820110321,20788,894,ok,
ADI,Period1,best1bin,1.42941950462248E-06,0.989552519383228,8.79427276609641E-06,0.452646091893681,0.340541819266806,0.29999968944153,0.0000015,0.937871941754116,0.00001,0.25,0.3,1.140206737339,-17.6313911543663,7.99100015810086,-1.36299321842566,20.5096881674338,1000185.03633597,797.511782793722,261.488069295883,1242,283,ok,
ADI,Period2,best1bin,1.47264244695472E-06,0.985169261884719,9.79266930504507E-06,0.260390191406108,0.33042990361399,0.299992649978613,0.0000015,0.99,0.00001,0.25,0.3,1.0712354772147,-18.5109347149047,13.6819792392669,,,1552640.14221352,-2648.03979152143,696.99498796463,4622,852,ok,
ADI,Period3,best1bin,1.43399862211559E-06,0.989432594152986,8.70554180396893E-06,0.252647774262413,0.315870824894307,0.299986348193404,0.0000015,0.735664864835913,0.00001,0.25,0.3,1.06891633644047,-18.1479561165122,13.2695145143003,-5.08334452473097,21.9243934985114,1294944.06386484,5123.905715931,525.327961206436,3958,666,ok,
ADSK,Period1,best1bin,1.24026082463072E-06,0.989657076474065,9.30963066935973E-06,0.35349792844905,0.477197438620505,0.299997581663152,0.0000015,0.927055873173721,0.00001,0.25,0.3,1.15416606688429,-17.1290038168251,11.4799550672625,-3.63083281285159,17.5931727892596,778015.642043334,2478.51880932153,414.98918056488,2257,254,ok,
ADSK,Period2,best1bin,1.27973471992107E-06,0.989541072126194,9.93125200129266E-06,0.260772350917059,0.316094468347884,0.299999339203354,0.0000015,0.99,0.00000001,0.25,0.3,1.07103196285072,-18.363426801349,17.1764500251418,-10.665653308558,18.6841020737555,1442247.7624307,83518.7681861798,1305.95385313034,9027,984,ok,
ADSK,Period3,best1bin,1.40967669278459E-06,0.989461425345174,8.05454522960331E-06,0.301851255712987,0.539240996388453,0.299989315923367,0.0000015,0.787756939155907,0.00001,0.25,0.3,1.16658859289575,-20.0094686348826,12.1704470450709,-4.72781226844442,22.4836353576375,3284530.6318058,4289.41712426844,626.168855190277,4610,689,ok,
AFL,Period1,best1bin,0.0000015,0.732988928887413,0.00001,0.25,0.3,0.1,0.0000015,0.732988928887413,0.00001,0.25,0.3,0.830525598626416,,,,,,,7172.17873454094,2184,284,ok,
AFL,Period2,best1bin,1.15319943974619E-06,0.977923233934717,9.75654426156982E-06,0.321865797813244,0.363165827787052,0.29999884484235,0.0000015,0.980834672556298,1.20128022427683E-06,0.25,0.3,1.09170548310433,-19.5913153679276,14.9345495579893,,,2664848.2815561,-1674.47428959855,1009.59985303879,7370,933,ok,
AFL,Period3,best1bin,1.36855356325393E-06,0.988780296020148,8.5227500930609E-06,0.310461292178389,0.302665680959684,0.29999651457717,0.0000015,0.5,0.00001,0.25,0.3,1.0796662457649,-16.4755447475765,11.4049419555391,-6.66909302105324,18.4727994140656,561166.186798154,11322.4924716298,358.158567428589,1951,488,ok,
AIG,Period1,best1bin,0.0000015,0.932495374666512,0.00001,0.25,0.3,0.1,0.0000015,0.932495374666512,0.00001,0.25,0.3,1.01096371046477,,,,,,,22891.480193615,6427,300,ok,
AIG,Period2,best1bin,1.22265577091279E-06,0.987137280823774,1.02538829723095E-06,0.308192266579346,0.30146237877856,0.299973800758042,0.0000015,0.974404691354502,1.90553749888312E-06,0.25,0.3,1.07717317558174,-24.0565980942402,14.9131602330989,,,24848278.8644447,-3058.44160005708,2230.78687143326,17925,1573,ok,
AIG,Period3,best1bin,1.11395748183862E-06,0.985284563606351,8.68320732219525E-06,0.397392870939741,0.306412987215295,0.299994698044489,0.0000015,0.540496406162399,0.00001,0.25,0.3,1.10571048831307,-18.0443308947361,14.1669396290226,-7.30809412852602,19.9640038334805,1229558.1649999,15584.7330633657,659.804993391037,4639,696,ok,
ALL,Period1,best1bin,1.26247717370921E-06,0.989843440170255,7.19191944712939E-06,0.312370045267361,0.457460558940538,0.299999409365977,0.0000015,0.7820366381766,0.00001,0.25,0.3,1.13429945088055,-19.7581156507564,10.0557040000842,-6.51348435396768,14.8736380899685,2896627.9002704,10474.9521523362,408.10999917984,2872,261,ok,
ALL,Period2,best1bin,1.24965619712202E-06,0.984726779759916,9.94344852386499E-06,0.283876126949437,0.303106244338156,0.299994009206924,0.000001,0.99,5.87865757544233E-06,0.25,0.3,1.06871225392309,-18.2827122505133,13.9511413850852,,,1385201.43194604,-2125.26620105238,672.494290113449,4660,651,ok,
ALL,Period3,best1bin,1.13977937909443E-06,0.989511786743665,9.75255965812238E-06,0.493520753310545,0.388303983424913,0.299996670672553,0.000001,0.953232525593159,0.00001,0.25,0.3,1.17195404930949,-15.9998250091155,11.6525749671122,,,442374.684546923,-302.032730791992,281.560450077057,1864,264,ok,
AMD,Period1,best1bin,1.42250473811378E-06,0.987921639049026,9.52141558755493E-06,0.362555242343952,0.310534889745594,0.299998422632665,0.0000015,0.989999997019768,0.00001,0.25,0.3,1.09720890740751,-22.2755913964523,10.3670521089476,,,10198953.7373744,-225.064459580711,835.375871181488,5057,251,ok,
AMD,Period2,best1bin,1.06343507801392E-06,0.988344222281119,6.9285323839044E-06,0.362824590838427,0.316586738458171,0.299997133651166,0.0000015,0.981739634155814,2.65061321248195E-07,0.25,0.3,1.09940581608897,-23.0168189838904,18.6676411627773,-10.1605849769325,19.8578077757862,14774444.0373864,64879.8572431988,5077.70744919777,30850,1100,ok,
AMD,Period3,best1bin,1.10618007629121E-06,0.980784681009557,8.13331731635837E-06,0.271718163586573,0.510715776137712,0.299997182815923,0.0000015,0.903371908346444,0.00001,0.25,0.3,1.13868343054125,-23.5760885973525,21.209946764215,-3.19352008593179,25.3410934459737,19541369.6866649,1991.73230279315,6879.61065483093,57366,859,ok,
AMGN,Period1,best1bin,1.26996812027057E-06,0.98977130617014,6.56781647926439E-06,0.275467396896882,0.506914537666035,0.299997416518073,0.0000015,0.988309511393676,0.00001,0.25,0.3,1.14564037717462,-21.3267470294718,12.0510706074666,,,6346242.82551854,-535.713990299485,821.020800828934,5858,254,ok,
AMGN,Period2,best1bin,1.40012504412597E-06,0.98896665388238,8.41717520716947E-06,0.263256926946838,0.300413372431642,0.299996502809309,0.0000015,0.928081122707115,7.00819075477467E-06,0.25,0.3,1.0665868208849,-21.1410543637042,18.1933228064928,,,5783543.88614244,-4655.73463576468,2682.29497385025,19281,1697,ok,
AMGN,Period3,best1bin,1.06954920869338E-06,0.981561962899605,6.54867031036919E-06,0.36608194432672,0.514238287679369,0.299996068398859,0.0000015,0.605101084529377,0.00001,0.25,0.3,1.1670136646727,-20.2387168492242,13.8809947837021,-4.8368394541964,23.1112268210281,3683442.83070797,4529.73957153995,779.825037717819,6795,779,ok,
AMZN,Period1,best1bin,1.35715769095856E-06,0.987316538399803,7.85723263798887E-06,0.36548182129951,0.536238300606432,0.299994314941838,0.0000015,0.99,0.00001,0.25,0.3,1.18149160970319,-21.6069898352792,13.3470864956442,,,7300803.12827895,-488.068150677269,984.283348083496,8029,265,ok,
AMZN,Period2,best1bin,1.1898281391755E-06,0.983954936277984,6.91929355623523E-06,0.409213458418517,0.405114147107842,0.299999497255695,0.0000015,0.884225653743996,0.00001,0.25,0.3,1.14006159632402,-26.8380300703716,20.2057910790678,,,99833567.7756332,-1866.74926503415,8850.02724409103,90108,1869,ok,
AMZN,Period3,best1bin,1.06797374895766E-06,0.986616754587804,9.70117298562949E-06,0.314005436435908,0.390379972597747,0.299999105036657,0.0000015,0.798439170152239,0.00001,0.25,0.3,1.1065299623803,-25.2294504692443,21.5021877299617,-4.00316811995782,24.8444415422417,44666093.390433,2985.68374524186,7777.56955528259,84654,905,ok,
AVGO,Period1,best1bin,1.08387059522684E-06,0.989988659888842,9.9787583285009E-06,0.480066397887378,0.302050831789055,0.092564016173286,1.14342102084856E-06,0.663866211537172,0.00001,0.25,0.3,1.14095398600219,,,,,-36.0679091820326,-12.7848513874592,10.101086139679,12,5,ok,
AVGO,Period2,best1bin,1.42080340458738E-06,0.986595179896147,9.98209647073093E-06,0.382266916036885,0.393247726389185,0.299998987294815,0.0000015,0.98381389340807,1.99440274994018E-06,0.25,0.3,1.12877890594331,-22.0864233489495,15.0456717788918,,,9278511.32634833,-1654.8588931144,1658.83822274208,12412,1302,ok,
AVGO,Period3,best1bin,1.45645132501681E-06,0.98367893922514,6.92562536836874E-06,0.257009493329586,0.558096569699185,0.299973797218439,0.0000015,0.782438137891776,0.00001,0.25,0.3,1.15980598217836,-23.0583445924393,13.7826476905195,-4.6048908679602,23.9297226639453,15084409.6697966,4033.72454959422,1234.89071464539,11710,859,ok,
AXP,Period1,best1bin,1.4327538392851E-06,0.984677416936917,7.81668985562583E-06,0.370133417195862,0.509271006869815,0.29999934709309,0.0000015,0.756951472583263,0.00001,0.25,0.3,1.16873663434154,-21.5184625135344,11.3057367108835,-6.87977000816493,14.6661518749002,6984690.61391871,12580.2701436572,784.36363863945,5244,268,ok,
AXP,Period2,best1bin,1.2780022665278E-06,0.973300727393027,7.91437251440797E-06,0.257329524278289,0.353122015264995,0.299999144396973,0.0000015,0.935512905911729,4.02300348920912E-06,0.25,0.3,1.06687766296711,-21.4695001296179,17.8997636074142,,,6815773.14901245,-3699.36337905188,2549.34707474709,19416,1638,ok,
AXP,Period3,best1bin,1.38256165163754E-06,0.984193809974541,7.65144655864188E-06,0.313724188336581,0.307676162548464,0.299998788564535,0.0000015,0.784309265416857,0.00001,0.25,0.3,1.07783344863697,-18.4571455203402,17.748172202755,-4.61808476402077,24.081866439603,1511439.03785218,4060.42278743522,1193.58076953888,10312,883,ok,
AZO,Period1,best1bin,1.38461324910245E-06,0.987231898684713,9.11439811638336E-06,0.283854117700142,0.317918309305638,0.29999080716749,0.0000015,0.859800319031354,0.00001,0.25,0.3,1.07530090365102,-18.2880189632562,11.9479288475963,-3.61902869193517,18.5028234461038,1388881.74542365,2463.93352541483,471.555261135101,3125,295,ok,
AZO,Period2,best1bin,1.10544667244107E-06,0.977076480875539,9.9134421954854E-06,0.252630036159773,0.583452736067508,0.29994487605367,0.000001,0.99,4.1220093871358E-06,0.25,0.3,1.16572615994254,-19.8158585395904,14.358010531479,,,2981476.6914692,-3025.16953598943,775.951364040375,6869,903,ok,
AZO,Period3,best1bin,1.44647046317138E-06,0.972817745581093,4.78875846492234E-06,0.323281821338412,0.525334065011082,0.299997644967755,0.0000015,0.753926836229649,0.00001,0.25,0.3,1.15189469224033,-22.2824163891522,3.6935202117413,-3.96474414921081,19.9085704401959,10233817.0814618,2928.87032953122,167.447948217392,1333,395,ok,
BAC,Period1,best1bin,0.0000015,0.878855514011977,0.00001,0.25,0.3,0.1,0.0000015,0.878855514011977,0.00001,0.25,0.3,0.961710462983275,,,,,,,32623.6843957901,8705,308,ok,
BAC,Period2,best1bin,1.07865943383727E-06,0.98351851102468,8.1972857348226E-06,0.303421399852842,0.302028113752439,0.299996304025854,0.0000015,0.960684552853879,2.53719040618001E-06,0.25,0.3,1.07265753574106,-26.4643045425414,17.0640379280596,,,82817692.2685064,-996.448605976368,5956.22107100487,44608,1761,ok,
BAC,Period3,best1bin,1.01147956730403E-06,0.976136316121463,9.41368571799113E-06,0.340529456494341,0.430809191315343,0.299998270207377,0.0000015,0.615396631699244,0.00001,0.25,0.3,1.11999954366193,-23.4144605211031,18.4006915197716,-6.27189646083654,22.3252538271256,18024279.3643843,9283.07594470388,3392.5794506073,31667,868,ok,
BAX,Period1,best1bin,0.0000015,0.635771103302719,0.00001,0.25,0.3,0.1,0.0000015,0.635771103302719,0.00001,0.25,0.3,0.746126595087594,,,,,,,7692.16460466385,2126,300,ok,
BAX,Period2,best1bin,1.47518981187877E-06,0.984337933918133,4.57961318358887E-06,0.355211865348458,0.459988687540076,0.299991923678434,0.0000015,0.978423460235177,1.93546149154298E-06,0.25,0.3,1.14310377049616,-21.4949733771798,12.5055963566517,,,6903138.27471733,-3558.79244623886,964.078454256058,6635,1193,ok,
BAX,Period3,best1bin,1.21190719097376E-06,0.989874398108025,6.16875667758846E-06,0.407854761784149,0.339702101779058,0.299998833635969,0.0000015,0.5,0.00001,0.25,0.3,1.12320717088717,-17.2588883591752,10.6624357327701,-6.24299819000338,19.2915020605168,830218.484597593,9149.90792156224,351.501917362213,1967,521,ok,
BBY,Period1,best1bin,1.10615616004795E-06,0.989388316905056,8.9111924670761E-06,0.286470061180099,0.350837575767713,0.299998911433459,0.0000015,0.91729635275903,0.00001,0.25,0.3,1.0881366376664,-22.1019297930529,11.2527891630579,-3.56622985016876,18.8725276229067,9350729.2841358,2399.73819527658,797.302170991898,5831,311,ok,
BBY,Period2,best1bin,1.2424689084345E-06,0.987809594680437,7.21377915124979E-06,0.325080700474257,0.518609875199729,0.299995527128083,0.0000015,0.982209811797667,4.63066573924926E-06,0.25,0.3,1.1620677518423,-21.8908805486861,16.9614710184455,,,8414275.40491191,-3334.47571968059,2142.1963467598,17509,1516,ok,
BBY,Period3,best1bin,1.43684235096505E-06,0.98964011343534,6.12036944098061E-06,0.322011764567758,0.315971864583471,0.299996758012845,0.0000015,0.777677971444161,0.00001,0.25,0.3,1.0876200393006,-18.5543654014546,16.7496132720263,-4.91450506777792,23.4500852813272,1586724.99866353,4709.10210939327,1169.22236895561,8611,835,ok,
BDX,Period1,best1bin,1.29939919758494E-06,0.988758583547919,8.60071760264526E-06,0.44579978930736,0.347382589430654,0.299989523667659,0.0000015,0.92197771303288,0.00001,0.25,0.3,1.13888351125187,-15.0623664697439,7.39883270535849,1.96381113666052,22.6442353666584,276836.742696505,151.123053935824,150.867398738861,660,232,ok,
BDX,Period2,best1bin,1.19481643644329E-06,0.986811013983016,4.08228254303182E-06,0.392268047500706,0.300753524129523,0.299998974105191,0.0000015,0.927625103091326,0.00001,0.25,0.3,1.10368604263288,-16.6635279012047,12.1302748195836,,,616469.390928133,-2256.41719084546,590.024836301804,2342,727,ok,
BDX,Period3,best1bin,1.20823559695942E-06,0.984078721872902,9.22172821860045E-06,0.300970630754883,0.348650571225584,0.299999225989412,0.0000015,0.960105913517496,5.50288664003074E-06,0.25,0.3,1.0865318551807,-17.8766148394518,8.91116616509994,,,1130654.7184099,-1139.58320805418,241.24759888649,1568,442,ok,
BIIB,Period1,best1bin,1.34457178574942E-06,0.989070372558335,8.66012751273877E-06,0.385682518192306,0.435549502780468,0.299998835679901,0.0000015,0.99,0.00001,0.25,0.3,1.14748184132079,-19.4639663899494,9.71788241277619,,,2500454.80420506,-509.690570523407,382.882356643677,2531,250,ok,
BIIB,Period2,best1bin,1.06935005970653E-06,0.980234683635869,9.92742918387388E-06,0.273860807978875,0.394141906864356,0.299998099142104,0.0000015,0.956419229021889,0.00001,0.25,0.3,1.09142458282555,-22.1616730819351,15.7893975701521,,,9634264.69581367,-3250.04057658683,1778.26462435722,14621,1427,ok,
BIIB,Period3,best1bin,1.0051330280193E-06,0.988295096467448,9.24595567731602E-06,0.331159583153981,0.49650741149775,0.299999266191962,0.0000015,0.5,0.00001,0.25,0.3,1.15451872092878,-22.1311929537897,10.7243722132386,-7.83275301700801,18.3763701010949,9488551.04749573,20259.4475315417,651.492678403854,5277,583,ok,
BLK,Period1,best1bin,1.46260828876398E-06,0.989822762511698,9.95693044503996E-06,0.430887382300273,0.527007493886339,0.299997727414972,0.0000015,0.8036010961685,0.00001,0.25,0.3,1.20131175642525,-14.6289480451804,9.432777425707,-5.06786155184752,13.192689149668,222898.997669153,5084.39221326387,171.182562112808,909,155,ok,
BLK,Period2,best1bin,1.30103977327774E-06,0.985421892056584,9.23158769566198E-06,0.252208149620628,0.545408916378256,0.299995978370921,0.000001,0.99,3.19397956840413E-06,0.25,0.3,1.15418202300645,-18.2826609016782,14.8115733240355,,,1385165.8681626,-2454.99587558265,774.971616744995,5535,818,ok,
BLK,Period3,best1bin,1.26400548160722E-06,0.986981610346179,8.93312325374761E-06,0.279073659259734,0.588909819541392,0.299999179268516,0.0000015,0.777677149064357,0.00001,0.25,0.3,1.18272126136627,-20.1354866843112,10.0051586128476,-4.07016605438872,21.7784245946685,3498144.8467659,3087.39516960167,417.509565114975,3066,549,ok,
BMY,Period1,best1bin,1.49623213929507E-06,0.987449809499473,7.98635553478252E-06,0.391378632757045,0.422289604657982,0.2999979637804,0.0000015,0.745013591078207,0.00001,0.25,0.3,1.1430498111314,-20.2050058846698,10.5357763149383,-4.98311986033296,17.2992769727233,3621876.94431229,4873.46240786282,535.786444425583,3457,303,ok,
BMY,Period2,best1bin,1.16964675230519E-06,0.975189938112286,9.09364986661936E-06,0.25770280434952,0.333366745644033,0.299999948215249,0.0000015,0.700611531172638,0.00001,0.25,0.3,1.06232741560708,-22.8258456917015,16.815055133931,-2.04850339667699,30.5817977835889,13428942.7964418,1123.55348741535,3458.04656171799,20500,1700,ok,
BMY,Period3,best1bin,1.30589461683873E-06,0.984276345472678,9.24643317190519E-06,0.258702164901897,0.336287692951626,0.299996431028862,0.0000015,0.72253748822516,0.00001,0.25,0.3,1.07182841299338,-20.8387709441631,15.4373197096082,-0.302268588093428,28.2183589234933,4972262.23252606,469.249351769158,1627.63926911354,10459,857,ok,
BSX,Period1,best1bin,0.0000015,0.5,0.00001,0.25,0.3,0.1,0.0000015,0.5,0.00001,0.25,0.3,0.63442887710306,,,,,,,8495.44008088112,2157,268,ok,
BSX,Period2,best1bin,1.17627137691272E-06,0.988811779163172,4.6486300208686E-06,0.270360538477522,0.300685749359152,0.299992691044776,0.000001,0.99,7.67521830502011E-07,0.25,0.3,1.06829559358277,-19.8731635227405,13.0473559607538,,,3068139.04460695,-1286.32186423344,875.693445920944,5346,797,ok,
BSX,Period3,best1bin,1.30624047809E-06,0.98849229060412,9.41569034953865E-06,0.483954317250214,0.329881191800837,0.299995507884088,1.45545350459751E-06,0.987594607519982,9.50344859812437E-06,0.25,0.3,1.14897797653532,-17.6257315651052,13.1654180196923,,,997358.718925556,-1410.34635144973,527.806267976761,3492,473,ok,
BX,Period1,best1bin,1.36914158221644E-06,0.988613868763999,8.9964088097489E-06,0.341771383740199,0.304254500282926,0.299994864656516,0.000001,0.98166125180811,0.00001,0.25,0.3,1.08937406857398,-18.8659611624268,8.57830361624053,,,1854230.94140178,-129.094623882209,352.011192321777,1788,183,ok,
BX,Period2,best1bin,1.01965076770046E-06,0.983404774936703,7.79354435919E-06,0.344837932474305,0.301553575210175,0.299999869218104,0.0000015,0.966017573069839,1.43086784435512E-06,0.25,0.3,1.08486529570508,-24.3411215469962,14.2168804073662,-2.87583157283848,29.6691601134137,28647042.6811298,1699.20502177487,2565.44354748726,16508,1676,ok,
BX,Period3,best1bin,1.44383136643784E-06,0.980588203708197,9.70990029018373E-06,0.363013993949759,0.300001511923317,0.299998303706988,0.0000015,0.889718821607703,0.00001,0.25,0.3,1.08781123928174,-20.6879816393595,15.7489883677329,-1.84757473360867,26.797768584537,4611163.73255845,1016.16129128581,1411.20079159737,10801,875,ok,
C,Period1,best1bin,1.33246023954821E-06,0.987118787239856,4.75838384341843E-06,0.432029822117348,0.301001498908547,0.299999252843553,0.0000015,0.931635530068265,0.00001,0.25,0.3,1.11877395826424,-24.1530308173748,9.99236894544944,-6.00530183184339,16.177259087189,26075726.1945927,8124.59301857371,1072.81270074844,6830,298,ok,
C,Period2,best1bin,1.16216080573638E-06,0.961041567069808,7.23398132600998E-06,0.459609614365044,0.305193991503979,0.299992748496458,0.0000015,0.969581461426449,1.64509817454219E-06,0.25,0.3,1.10814496513615,-25.9499247194047,17.2988196243231,,,64036408.3282797,-1533.59561222425,5186.28386807442,42182,1873,ok,
C,Period3,best1bin,1.4563241637661E-06,0.978619124701975,4.70606399903095E-06,0.476375932200119,0.303949961312376,0.299994871413094,0.0000015,0.686517286415017,0.00001,0.25,0.3,1.13005088337564,-22.5350804495191,17.7980510000474,-5.88633256810988,22.7931988767236,11611891.0873001,7655.39788633811,2436.08705019951,23544,880,ok,
CAH,Period1,best1bin,1.21897198783291E-06,0.989030882565159,6.63475750159941E-06,0.278425276271328,0.314416436094154,0.299997289491749,0.0000015,0.99,0.00001,0.25,0.3,1.07450473077881,-20.1756740192564,5.89684805149927,,,3569146.35754034,-630.725695157129,212.542675495148,1359,289,ok,
CAH,Period2,best1bin,1.18104772607025E-06,0.988845508275644,6.17267224121608E-06,0.309545755452309,0.340545460118598,0.299999977472798,0.000001,0.500168265435603,0.00001,0.25,0.3,1.09069025135569,-18.4406885657381,12.2783513181194,-6.71804423415215,21.8444439123484,1499053.22411553,11603.0365811668,651.812923908234,3442,863,ok,
CAH,Period3,best1bin,1.39275310239263E-06,0.988830424401886,7.98276208715051E-06,0.260332903359276,0.306607628460545,0.29999810263089,0.000001,0.99,7.00425509931828E-07,0.25,0.3,1.06750506635339,-16.6348269733957,13.319750342061,,,607685.94319523,-937.590305038153,546.59043431282,2954,607,ok,
CAT,Period1,best1bin,0.0000015,0.848496513423157,0.00001,0.25,0.3,0.1,0.0000015,0.848496513423157,0.00001,0.25,0.3,0.934048357095875,,,,,,,26614.2086529732,7856,310,ok,
CAT,Period2,best1bin,1.21744604060145E-06,0.970868602871327,5.84627288415058E-06,0.262360918934247,0.357519223645348,0.299997092928009,0.0000015,0.964100472431038,2.35140695237687E-06,0.25,0.3,1.06735143750172,-24.3019344977339,18.0341114305442,,,28091209.2945337,-2764.4607635445,3807.28983473778,35144,1797,ok,
CAT,Period3,best1bin,1.36634170270932E-06,0.986991943717565,9.60703512075128E-06,0.295981341827294,0.400196318257188,0.299989216219771,0.0000015,0.79219145190207,0.00001,0.25,0.3,1.10540270712263,-21.7370711715517,16.2450226598691,-3.23428268781278,25.6133269743868,7791434.80028434,2032.74290331308,1291.98814892769,14712,905,ok,
CCL,Period1,best1bin,1.06593438422251E-06,0.989943267881813,6.81060624036215E-06,0.30476122133169,0.325510061927743,0.299987952172948,0.0000015,0.898776358218633,0.00001,0.25,0.3,1.08573655926096,-18.2065793828986,11.4731461338699,-4.28249704113378,17.2184808115564,1333462.75432511,3433.20161608598,515.195282459259,2796,266,ok,
CCL,Period2,best1bin,1.38887552948007E-06,0.98994100250525,9.04061524303729E-06,0.358486296978935,0.318791089893474,0.299998535061869,0.0000015,0.983877398323329,0.00001,0.25,0.3,1.10005607704421,-19.3704079869612,15.5373717168982,,,2386179.22358251,-3271.95873917486,1249.20474147797,7955,1044,ok,
CCL,Period3,best1bin,1.06098518372039E-06,0.989805842272158,6.79468890102514E-06,0.418304918077903,0.404004035643259,0.299998944190243,0.0000015,0.825427463235944,0.00001,0.25,0.3,1.14800429909804,-21.601685797389,18.5912465323998,-7.83391540853282,19.8383308004657,7281466.91140791,20271.225658963,3272.24417090416,22893,744,ok,
COF,Period1,best1bin,1.16768117266072E-06,0.987297387200638,8.38988067347872E-06,0.462182777019092,0.51500352421075,0.299995746594451,0.0000015,0.918436601741328,0.00001,0.25,0.3,1.20565238778328,-20.6740509307758,12.1348694429448,-5.00175535372539,17.4562637731315,4579156.94218453,4919.08431271388,763.442891120911,5228,312,ok,
COF,Period2,best1bin,1.23455815036116E-06,0.983740262331736,9.43358995707497E-06,0.425899239566075,0.300050739874966,0.299995648799411,0.000001,0.99,1.86595879934694E-06,0.25,0.3,1.11317811359436,-20.2543264811406,16.3492649160884,,,3712303.90527571,-4258.32122468747,1430.70637869835,11167,1363,ok,
COF,Period3,best1bin,1.09206726513602E-06,0.988883749298866,9.10800007765292E-06,0.2617049892474,0.590308227422484,0.299993468910076,0.0000015,0.705645069267608,0.00001,0.25,0.3,1.1810352977245,-18.5131306113746,15.455688184192,-6.8599745084829,21.2100781794431,1554345.79690606,12456.3679647381,942.775478363037,6593,795,ok,
COR,Period1,,,,,,,,,,,,,,,,,,,,,,,failed,division by zero
COR,Period2,best1bin,1.31324835427708E-06,0.989461493747542,9.36928176280824E-06,0.362252141554365,0.361253049409151,0.299991427790465,0.0000015,0.859182828788285,0.00001,0.25,0.3,1.1138960577481,-15.4419313419873,0.923066450831481,-1.03887889072612,15.5852288560679,334691.894934059,678.198111671055,67.4410774707794,195,118,ok,
COR,Period3,best1bin,1.41647281694343E-06,0.989339930841561,6.68981651154341E-06,0.445092983223069,0.35378226756796,0.299995269392602,0.000001,0.505886998294683,0.00001,0.25,0.3,1.14107981989179,-13.2363195326645,-1.64887896498292,-2.51900517861603,8.32096976000589,111097.08818543,1421.54926750917,27.8764293193817,75,45,ok,
CRM,Period1,,,,,,,,,,,,,,,,,,,,,,,failed,first_obs and last_obs produce an empty array.
CRM,Period2,,,,,,,,,,,,,,,,,,,,,,,failed,first_obs and last_obs produce an empty array.
CRM,Period3,,,,,,,,,,,,,,,,,,,,,,,failed,first_obs and last_obs produce an empty array.
CSCO,Period1,best1bin,1.41646209330553E-06,0.970294343201563,9.15766796820737E-06,0.428513941438517,0.529716954780351,0.299997874786848,0.0000015,0.905065194393437,0.00001,0.25,0.3,1.18562024389083,-22.0888006932491,10.8689906736086,-2.27482372788804,18.8057487491019,9289546.99194824,1258.16786196639,616.383303403854,5386,248,ok,
CSCO,Period2,best1bin,1.25363419892709E-06,0.968984202826226,9.71246664178117E-06,0.252508504369666,0.45722813795587,0.299998670803954,0.0000015,0.975802696244472,1.33362561670174E-06,0.25,0.3,1.10079448596924,-24.5296383770235,17.0744383889105,,,31478621.4264923,-2198.38568660505,3497.47412896156,30358,1681,ok,
CSCO,Period3,best1bin,1.19372364018676E-06,0.984881260772401,4.04649812366552E-06,0.329753554221096,0.303342423885264,0.299996350720667,0.0000015,0.629017782601869,0.00001,0.25,0.3,1.08200976450699,-22.1923803298644,16.4711158279149,-4.39276416428792,24.1558028622785,9783326.9679262,3627.80144829093,1936.03000974655,16860,861,ok,
CTAS,Period1,best1bin,0.0000015,0.898811451350967,0.00001,0.25,0.3,0.1,0.0000015,0.898811451350967,0.00001,0.25,0.3,0.979980624901269,,,,,,,2773.82214450836,609,220,ok,
CTAS,Period2,best1bin,1.22188910361939E-06,0.981959685216485,9.85947193995227E-06,0.267494519401069,0.411934466650664,0.29999952878912,0.000001,0.987813365150077,7.4321526120024E-06,0.25,0.3,1.09794724199915,-17.26209809597,9.70421737784917,,,831551.945735081,-1588.96519744796,277.864651679993,1625,505,ok,
CTAS,Period3,best1bin,1.01635799387186E-06,0.983765859421515,8.88520143779988E-06,0.36795446711539,0.436550031004532,0.299989691404046,0.0000015,0.965341189128094,0.00001,0.25,0.3,1.1374364534705,-18.6784651725376,4.64995341637444,,,1688299.86966918,-465.86292428991,103.371541261673,785,198,ok,
CVS,Period1,best1bin,0.000001,0.99,4.42940338341503E-06,0.25,0.3,0.1,0.000001,0.99,4.42940338341503E-06,0.25,0.3,1.06423681576077,,,,,,,11572.0023880005,3224,306,ok,
CVS,Period2,best1bin,1.04078492861061E-06,0.987094907805109,7.42415806722492E-06,0.262112309007467,0.367619208374943,0.299997635292825,0.0000015,0.962214742601567,2.17556000865993E-06,0.25,0.3,1.08545064464969,-23.0470614427264,16.2862783292616,,,14999549.4412176,-2344.28612835399,2335.93250894547,19277,1613,ok,
CVS,Period3,best1bin,1.29063986196257E-06,0.986027083682717,7.95999290223959E-06,0.332416918029415,0.357836045300105,0.299998228281299,0.0000015,0.820610803929724,0.00001,0.25,0.3,1.10036223696066,-22.4859470172039,15.3088174919204,1.77693936663997,30.3671732273232,11330100.560969,165.924077069315,1614.96417784691,14171,867,ok,
DELL,Period1,,,,,,,,,,,,,,,,,,,,,,,failed,division by zero
DELL,Period2,best1bin,1.32436253841667E-06,0.989370188349723,7.99140760109759E-06,0.396977046726535,0.307864369543994,0.29999658886235,0.000001,0.887689349578941,0.00001,0.25,0.3,1.1096056125143,-17.7576237886569,5.60886605018139,-0.0974949163455321,13.1306608000003,1065347.81890578,423.582143283503,103.58283662796,791,67,ok,
DELL,Period3,best1bin,1.26432761284989E-06,0.989690885284623,7.09976954866806E-06,0.398877426000594,0.302784349781567,0.299989583311072,0.0000015,0.936129476917164,0.00001,0.25,0.3,1.10917519441834,-19.1823286288219,11.360787712951,,,2172011.62973364,-185.020394001063,433.759298324585,3323,367,ok,
DHI,Period1,best1bin,0.0000015,0.914599293842833,0.00001,0.25,0.3,0.1,0.0000015,0.914599293842833,0.00001,0.25,0.3,0.994480702879678,,,,,,,9126.02645993233,2430,302,ok,
DHI,Period2,best1bin,1.32486678325928E-06,0.981647168015523,9.59665492046921E-06,0.345661755610853,0.33708692056643,0.299999652807389,0.0000015,0.977810298303478,1.68151663057742E-06,0.25,0.3,1.0939564908513,-19.4151074615077,15.7115686262574,,,2440110.12818731,-565.733616091211,1001.90594506264,8311,1353,ok,
DHI,Period3,best1bin,1.42324626956039E-06,0.989325600131048,9.36761561159501E-06,0.252136572964851,0.35701699870081,0.299998951467106,0.0000015,0.70186089745643,0.00001,0.25,0.3,1.0815725273657,-17.1169205600944,16.6110937019204,-5.93812678907934,21.9324190279545,773329.331399994,7856.23996129891,1034.55284643173,6283,769,ok,
DHR,Period1,best1bin,1.43148368605813E-06,0.989193042785961,9.63628668994261E-06,0.299237501945737,0.536820954509027,0.299997329828349,0.0000015,0.953595655759745,0.00001,0.25,0.3,1.16456974705758,-16.6417086536489,10.0883423959176,,,609780.494815061,-225.764927418381,290.952813148499,1550,291,ok,
DHR,Period2,best1bin,1.21328482780978E-06,0.979183756066263,4.93335666129089E-06,0.481757250460742,0.335818709445155,0.299998873494222,0.000001,0.909463444727139,0.00001,0.25,0.3,1.14178153871691,-20.2837467662847,11.4837387274426,,,3767316.05125314,-1959.49010490809,554.724598884583,4245,729,ok,
DHR,Period3,best1bin,1.46949191856365E-06,0.98952480485874,8.61426467640427E-06,0.346433801076281,0.313091642590574,0.299990372305962,0.000001,0.968449037198475,0.00001,0.25,0.3,1.0941673065374,-16.6872136944829,13.7678615140697,,,623813.576584349,-1113.81853164712,836.055953979492,3265,429,ok,
DOV,Period1,best1bin,1.3488945858197E-06,0.99,9.88467873556437E-06,0.452388293004682,0.523810510470722,0.299992893105027,0.0000015,0.99,0.00001,0.25,0.3,1.20794561906851,-14.0487714161335,5.67833162689935,,,166772.470123999,-414.093473256588,120.475461483002,382,187,ok,
DOV,Period2,best1bin,1.18615471122995E-06,0.986900459295108,8.76495632147695E-06,0.276532811952118,0.333569692802894,0.299999323115545,0.000001,0.50047122771332,0.00001,0.25,0.3,1.07782728332414,-18.7827011135932,8.65596769358906,-6.99025684406841,19.7879198974556,1778623.941627,13294.8021500296,363.329752445221,1786,641,ok,
DOV,Period3,best1bin,1.49343453191942E-06,0.989338397681677,9.00729275592251E-06,0.251105873542731,0.586753993392735,0.29999829043179,0.0000015,0.907777763210971,0.00001,0.25,0.3,1.17733804563545,-14.6275318639057,6.45549864151857,3.17266573889727,22.6548101718602,222741.220842574,82.5717102176267,121.52969455719,501,190,ok,
DRI,Period1,best1bin,1.35227239644494E-06,0.989905456794416,8.8506881337563E-06,0.47803704614883,0.301804871313766,0.299996519134035,0.0000015,0.744411878983718,0.00001,0.25,0.3,1.1399642149256,-16.8277393497806,9.5826289406867,-6.55822267980732,13.9649873158264,669221.031142021,10711.9084399211,294.865166902542,1454,226,ok,
DRI,Period2,best1bin,1.36055887106258E-06,0.986152096496275,7.85248501028103E-06,0.291302307098969,0.310361686261026,0.29999941113998,0.000001,0.5,0.00001,0.25,0.3,1.07409374260699,-19.4632244590868,12.8872834603252,-6.3556100817996,20.5887311252154,2499527.39393929,9679.88249160366,775.687665462494,4770,659,ok,
DRI,Period3,best1bin,1.32477193119426E-06,0.988169247343567,9.88136315199376E-06,0.476774959117606,0.405355150253297,0.2999944999201,0.0000015,0.944987708990609,0.00001,0.25,0.3,1.16966047251902,-17.2723675020578,12.3516120677244,,,835832.698834756,-301.643496102805,375.926873445511,2765,269,ok,
EBAY,Period1,,,,,,,,,,,,,,,,,,,,,,,failed,first_obs and last_obs produce an empty array.
EBAY,Period2,,,,,,,,,,,,,,,,,,,,,,,failed,first_obs and last_obs produce an empty array.
EBAY,Period3,,,,,,,,,,,,,,,,,,,,,,,failed,first_obs and last_obs produce an empty array.
EFX,Period1,best1bin,1.04109070976926E-06,0.989696620430454,9.42036176123877E-06,0.265659084460381,0.319192888126975,0.299998824422329,0.0000015,0.798823839228568,0.00001,0.25,0.3,1.07329317968971,-14.6321165971024,1.13434137538649,-4.5022385325793,11.7006436621752,223252.41107115,3831.91235242854,78.3475966453552,173,110,ok,
EFX,Period2,best1bin,1.41646389633004E-06,0.988686570882457,8.99396838455662E-06,0.365558061770959,0.508636900135406,0.299998709984283,0.000001,0.99,0.00000001,0.25,0.3,1.17040391670197,-16.4553498729581,9.47158520494396,,,555528.358119589,-214.551065335657,250.831501722336,1320,385,ok,
EFX,Period3,best1bin,1.40453246297238E-06,0.989846234952869,9.97799404988424E-06,0.309264623687658,0.346813370277876,0.299995597311197,0.0000015,0.508008888730369,0.00001,0.25,0.3,1.09348968455129,-11.8163821191041,11.5753284541676,-6.62978277668474,13.5940453920812,54621.948031058,11102.1203140502,187.222240209579,795,215,ok,
EMR,Period1,best1bin,1.15845797478731E-06,0.989301312950796,8.01734394093651E-06,0.428468051972458,0.312072770424752,0.299995624598782,0.0000015,0.958345815798269,0.00001,0.25,0.3,1.12235973443163,-17.9396979433652,10.1367937557639,,,1166885.71009988,-317.040347905529,361.773651361465,2029,298,ok,
EMR,Period2,best1bin,1.26070939426971E-06,0.982355217981796,8.6646865452553E-06,0.404795861927224,0.455174513286953,0.299998044839381,0.0000015,0.975377331903043,0.00001,0.25,0.3,1.15588291005281,-19.5854008732511,14.8036010961618,,,2656979.30705526,-3145.1300694971,1130.94763875008,7171,965,ok,
EMR,Period3,best1bin,1.08202270721512E-06,0.988313389759056,9.62630711302174E-06,0.251683573489704,0.587220512117771,0.299998522574214,0.0000015,0.767947990398874,0.00001,0.25,0.3,1.17683299897958,-17.4086017922516,12.2836259635723,-4.57991168400532,21.6292114340976,894751.134094139,3983.65828027593,553.368272304535,2803,583,ok,
ETN,Period1,best1bin,1.13278933054372E-06,0.98972043874307,9.34049575551739E-06,0.373899089778893,0.359922250017925,0.299997658622664,0.0000015,0.958259791432947,0.00001,0.25,0.3,1.11753796461228,-15.7364705881346,10.8529104049979,0.83285022974483,22.0331871621099,387796.227607221,266.020902129201,303.561277389526,1507,253,ok,
ETN,Period2,best1bin,1.15121631754022E-06,0.988720692760076,8.38730956497303E-06,0.27356440956054,0.542254450284506,0.299996410329253,0.0000015,0.96293982089584,4.06213879878659E-06,0.25,0.3,1.16036459071931,-19.931253908788,14.2817684946021,,,3158560.53346352,-2880.22416241696,967.831273317337,6923,1254,ok,
ETN,Period3,best1bin,1.49393477511798E-06,0.988900981882223,9.1216467644408E-06,0.43202456508303,0.352405019593345,0.299994042706443,0.0000015,0.96896831981826,0.00001,0.25,0.3,1.13523551509052,-15.1098127294951,12.096789219093,,,283482.696424505,-1008.61626180133,310.697129487991,1705,401,ok,
F,Period1,best1bin,1.00741525528022E-06,0.989388381196422,8.62819316195879E-06,0.38631764237276,0.310035258216156,0.299986771810204,0.0000015,0.93464498484293,0.00001,0.25,0.3,1.10645946652715,-20.6821699291922,10.6241708236961,-5.87314280578928,15.6278350469009,4597783.80845986,7605.07755771596,824.942964315414,3871,266,ok,
F,Period2,best1bin,1.46804588267314E-06,0.96117952984263,9.3719197539581E-06,0.296763300299167,0.30128287972567,0.299991737515706,0.0000015,0.979647863175736,2.63694091190641E-06,0.25,0.3,1.05009805194502,-25.2147008731244,15.1722933367262,,,44337901.6329819,-4355.04024436684,3190.62723469734,23799,1620,ok,
F,Period3,best1bin,1.44076655498139E-06,0.988850889900784,7.5631929767544E-06,0.437645270356925,0.306844723252408,0.299991373477199,0.0000015,0.57769657558185,0.00001,0.25,0.3,1.12406100785077,-23.3525939569735,17.2272786613356,-7.42460138203909,20.5618527400634,17475264.440736,16519.5646037021,3449.54930114746,24735,784,ok,
FDX,Period1,best1bin,1.33084992772337E-06,0.988705406112554,9.15493829370153E-06,0.321245750172091,0.335318287404337,0.299998045446284,0.0000015,0.972996230317607,8.84080747491928E-06,0.25,0.3,1.09232576003369,-20.1346047373346,11.4785807474351,,,3496602.59770073,-63.4478554860251,556.149934530258,4116,267,ok,
FDX,Period2,best1bin,1.49541016305165E-06,0.967727130072291,9.89115458408139E-06,0.255102613853973,0.552222802089761,0.29998771483883,0.0000015,0.971704590277456,1.24075291686779E-06,0.25,0.3,1.14303244272462,-21.5773105057376,17.8171266726018,,,7193261.57114688,-663.075474591296,2272.41908049583,19514,1676,ok,
FDX,Period3,best1bin,1.0677528453922E-06,0.987311907172446,8.36969010137397E-06,0.283248504403969,0.359690644876692,0.299997051813269,0.0000015,0.724552508223391,0.00001,0.25,0.3,1.08829769703633,-20.9436028001551,17.230841672648,-4.98215346620637,23.8322151137395,5239839.36387106,4871.10813397419,1849.19613075256,15289,900,ok,
FIS,Period1,best1bin,1.20601956780389E-06,0.988647495283351,9.74960938873863E-06,0.34786170453644,0.302239958550694,0.299999817200554,0.000001,0.983521986111485,0.00000001,0.25,0.3,1.09077065786272,-14.6377825255675,-2.91875541629908,,,223885.773890054,-89.386008700939,34.7338185310364,77,42,ok,
FIS,Period2,best1bin,1.27837552162178E-06,0.984668856819715,9.7000805429052E-06,0.302586797954478,0.301311853252365,0.299999276869325,0.0000015,0.962563048769338,8.9854357223511E-06,0.25,0.3,1.07327552888021,-15.4233361870131,9.311543773664,,,331594.492588635,-997.11300448461,242.41900062561,1040,397,ok,
FIS,Period3,best1bin,1.410698431315E-06,0.989946037353051,9.69451668991566E-06,0.269041432663821,0.451462483099147,0.299996387151672,0.0000015,0.939755543008032,0.00001,0.25,0.3,1.12080097390341,-17.2639512415794,10.1998502630325,-0.572756553904652,21.1713484832194,832322.796223066,537.204196785695,296.032181978226,1795,277,ok,
GD,Period1,best1bin,0.0000015,0.862456134581703,0.00001,0.25,0.3,0.1,0.0000015,0.862456134581703,0.00001,0.25,0.3,0.946747370833351,,,,,,,6735.60362672806,1908,297,ok,
GD,Period2,best1bin,1.37992324099514E-06,0.975978257566348,8.39947054403708E-06,0.330300415717659,0.302275860308941,0.299993337382642,0.000001,0.99,2.60535479948284E-07,0.25,0.3,1.07377959547733,-19.2499703724484,13.6854912215311,-0.821097530978072,27.9799228788351,2246727.30952037,608.227363683023,751.923047304153,5362,898,ok,
GD,Period3,best1bin,1.2977029327238E-06,0.989923357490166,8.85039614265409E-06,0.351880859397142,0.362877126694339,0.299995236377429,0.0000015,0.759766898794463,0.00001,0.25,0.3,1.11150717589795,-17.4319641784097,10.7106239544656,-3.34092713492172,21.6389616892861,905264.177753551,2144.07513837585,273.495199203491,2056,475,ok,
GE,Period1,best1bin,1.21934967000062E-06,0.989216193458535,5.07780505464354E-06,0.254609291092171,0.343848912667552,0.299996183371588,0.0000015,0.94003071098538,5.97613785960576E-06,0.25,0.3,1.07777856876122,-24.2093804042885,10.6147365541369,-3.01494696107419,19.247615143175,26820851.9864072,1821.60540248664,1167.4568426609,7823,302,ok,
GE,Period2,best1bin,1.33984391205879E-06,0.988310610816615,6.71351082753856E-06,0.343648277420218,0.312123021664038,0.299999699794439,0.0000015,0.962934567840555,0.00001,0.25,0.3,1.09191244279299,-26.7863716305418,15.1619886813865,,,97287961.6323392,-5394.52165579199,5073.97445607185,32522,1675,ok,
GE,Period3,best1bin,1.31627480443937E-06,0.982152669002899,3.01415434166366E-06,0.336264314107435,0.437389511409674,0.29999834384047,0.0000015,0.955402782264545,0.00001,0.25,0.3,1.1265021699374,-25.0551357226258,13.3387656736029,,,40937941.71609,-1933.4228476823,1846.65949678421,15975,838,ok,
GPC,Period1,best1bin,1.09507256336352E-06,0.987538167195755,9.51791085624944E-06,0.380054369404217,0.301176941370958,0.299988278949388,0.0000015,0.787645376098564,0.00001,0.25,0.3,1.10017294343978,-14.0522624448848,2.28702835043186,-3.48155254188048,13.1931884167887,167063.828078833,2300.25731314531,74.9215784072876,194,119,ok,
GPC,Period2,best1bin,1.08029637174112E-06,0.984754974166923,9.45634962810598E-06,0.467549688819943,0.488552561387334,0.299999877697848,0.0000015,0.900588811616798,0.00001,0.25,0.3,1.19458305529203,-14.0130162623836,12.9900866244721,,,163817.475245635,-889.026741426915,440.650750875473,1637,616,ok,
GPC,Period3,best1bin,1.33843722877452E-06,0.989079439027699,9.41140838851281E-06,0.276060340706599,0.466513638981458,0.299998392717854,0.000001,0.98033918957201,0.00001,0.25,0.3,1.12788404717173,-14.0352349455499,8.55312141901148,,,165647.526043494,-572.902512805107,160.575508356094,677,216,ok,
GS,Period1,best1bin,1.35690013872066E-06,0.989145374053052,7.66702757161124E-06,0.402503383326067,0.305216322679221,0.299996224156135,0.0000015,0.879740998770251,0.00001,0.25,0.3,1.11066401233223,-22.4845268492121,14.3066881602863,-5.4141824359228,16.1093095144787,11322058.0936402,6045.63146292525,1588.07367086411,11594,267,ok,
GS,Period2,best1bin,1.15563486332386E-06,0.98055227198187,7.93426120153715E-06,0.262338272452518,0.307821216050524,0.299998660183704,0.0000015,0.947520332415437,2.35725115489812E-06,0.25,0.3,1.0606875262759,-23.0312148041682,19.0302408625842,,,14881172.809174,-884.457769196997,4598.61854124069,33266,1803,ok,
GS,Period3,best1bin,1.38694544107919E-06,0.987422944665465,8.04426431923683E-06,0.419974298044829,0.548290743283776,0.299999988525778,0.0000015,0.80748058464939,0.00001,0.25,0.3,1.20499179329462,-20.0319404917136,19.2044970225261,-3.08180256508654,25.7325660148593,3321643.49113331,1883.52685025833,2217.64112496376,18907,900,ok,
GWW,Period1,best1bin,1.1999113925575E-06,0.989997992380045,9.96243439055036E-06,0.254286116776632,0.561896830614604,0.25420087994892,0.0000015,0.901245254357837,0.00001,0.25,0.3,1.16639851785626,,,-1.1938993562481,19.3027030569784,-1333.82627766272,732.856328663971,179.290940523148,853,225,ok,
GWW,Period2,best1bin,1.22465618408054E-06,0.987818195292556,8.82106806866797E-06,0.255505372114548,0.425544044249488,0.299987350420048,0.0000015,0.5,0.00001,0.25,0.3,1.10551142726159,-15.7337229729393,14.4652887457432,-6.64375629280898,20.8066987507887,387263.835988944,11179.9597486671,486.255650043488,3102,717,ok,
GWW,Period3,best1bin,1.20839498432073E-06,0.989530009485326,9.88546542412172E-06,0.271697727112405,0.320451674247326,0.299983783453137,0.0000015,0.5,0.00001,0.25,0.3,1.07502491609133,-14.6427809668003,3.97514454296156,-5.87950229798645,12.1441755376863,224446.013621617,7629.29826084514,101.365957975388,306,149,ok,
HAS,Period1,best1bin,1.0495209510046E-06,0.989859900846208,9.73358797226284E-06,0.272533396312933,0.320765830550333,0.299998946367157,0.0000015,0.907503910321345,0.00001,0.25,0.3,1.07563367070468,-13.2245644745992,9.38589951625157,-2.21219316703515,17.3639479663942,110446.027013907,1219.37850222098,194.848545789719,680,193,ok,
HAS,Period2,best1bin,1.48208247579872E-06,0.988523875011159,6.42683779240131E-06,0.326061069454049,0.310302539975208,0.299997577608509,0.000001,0.5,0.00001,0.25,0.3,1.08617813402736,-17.3910143706931,13.6131719212061,-6.59464591891667,22.0232059421984,886917.445478616,10908.7768462575,545.879331827164,3644,871,ok,
HAS,Period3,best1bin,1.34874031922585E-06,0.987336533525443,9.99997934014876E-06,0.494596174373711,0.455076432672477,0.299994598564335,0.0000015,0.971222151505912,0.00001,0.25,0.3,1.19438409475967,-17.1269469432949,10.1379647040324,,,777215.913458855,-536.501922835389,266.738391876221,1725,356,ok,
HBAN,Period1,best1bin,1.26104887319221E-06,0.98988321666731,9.60647471722715E-06,0.281839987282683,0.314935625925428,0.299998330657454,0.0000015,0.863195832756392,0.00001,0.25,0.3,1.0763303441054,-17.1540611044012,6.41679154514613,-8.18941005337911,11.5098123190488,787824.440047717,24214.4544870463,241.486129760742,824,197,ok,
HBAN,Period2,best1bin,1.17695463150591E-06,0.980425037127572,5.60225068990475E-06,0.300298075983911,0.312053227779274,0.299992187942056,0.000001,0.989027853041575,8.74308676971286E-06,0.25,0.3,1.07181593796065,-20.7290215159435,10.2282937406911,,,4706762.00874574,-1891.53497454848,588.05453824997,3610,652,ok,
HBAN,Period3,best1bin,1.40298137086259E-06,0.989321235513802,8.06885520300732E-06,0.443466097417161,0.316102724521894,0.299999808547638,0.000001,0.96644616114569,0.00001,0.25,0.3,1.12930935492194,-19.0846748278197,8.92733185050937,,,2068506.51377107,-270.454621512193,346.211406469345,2003,304,ok,
HD,Period1,best1bin,0.0000015,0.938166443461212,0.00001,0.25,0.3,0.1,0.0000015,0.938166443461212,0.00001,0.25,0.3,1.01619696699946,,,,,,,19139.4292860031,5290,308,ok,
HD,Period2,best1bin,1.36033526113502E-06,0.98715933904756,8.05180273743682E-06,0.254605389580411,0.347606742704818,0.299995731076852,0.0000015,0.950099083940909,1.6251623402496E-06,0.25,0.3,1.07709698389363,-22.69777014165,18.4135723725495,,,12595939.6605424,-1326.61733154272,2998.02657604218,27509,1776,ok,
HD,Period3,best1bin,1.3012058207737E-06,0.98426993701536,9.10650578835121E-06,0.252029471206637,0.570672114860656,0.299999871930578,0.0000015,0.850915639203673,0.00001,0.25,0.3,1.16532091117987,-20.9593092817865,18.4757027995948,,,5281151.08736855,-315.891252815897,3583.43715763092,19673,903,ok,
HIG,Period1,best1bin,1.23522157704403E-06,0.98994783517791,9.98575223280397E-06,0.39969634940994,0.317094949560993,0.29999912259578,0.0000015,0.857672866875874,0.00001,0.25,0.3,1.11368895803244,-18.1398778329925,11.6756824619039,-8.30068076212248,13.8617120706937,1289724.15030199,25599.8144158685,626.749933719635,2873,297,ok,
HIG,Period2,best1bin,1.1971105372609E-06,0.985732868536401,8.38005017938912E-06,0.288577087473823,0.387600921601999,0.299995679952092,0.0000015,0.975307646167402,1.74270190217816E-06,0.25,0.3,1.09780713152459,-20.5933257646019,13.8207145100203,,,4398010.69684662,-1781.91806934336,947.235443353653,7207,1070,ok,
HIG,Period3,best1bin,1.450670116915E-06,0.989769371770818,9.68969112082164E-06,0.304753359020905,0.350983286840786,0.299995642177655,0.0000015,0.57691790023894,0.00001,0.25,0.3,1.09348401308281,-15.4293111244501,9.54035375166588,-7.07853024714845,16.304392958672,332586.601972464,13894.732960086,220.203871965408,1090,364,ok,
HON,Period1,best1bin,1.26724275253027E-06,0.98778847639115,8.69188565666976E-06,0.300727280337327,0.308886859373523,0.299973761373312,0.0000015,0.907179787937454,0.00001,0.25,0.3,1.07776345419625,-20.3219180338636,10.5978605526612,-2.68517385095286,19.7342599339223,3839908.19579008,1544.70298089731,508.552299499512,3583,310,ok,
HON,Period2,best1bin,1.48624565353151E-06,0.988882547572123,8.34616257903399E-06,0.271856651024042,0.303474304815014,0.299998160825181,0.0000015,0.912846544171939,6.57685479194658E-06,0.25,0.3,1.06952858089607,-22.9949561867885,13.5451008089596,,,14613818.2330893,-2675.48582108254,1515.97664213181,11026,1083,ok,
HON,Period3,best1bin,1.10839096586817E-06,0.986628245636525,9.440950746953E-06,0.254927498310543,0.305711015955316,0.2999939367849,0.0000015,0.808054458616123,0.00001,0.25,0.3,1.06389968974968,-18.7396879777827,14.362669726566,-1.09937506957759,26.7163042645423,1740780.24768544,699.025718469055,716.777844667435,5544,762,ok,
HPE,Period1,,,,,,,,,,,,,,,,,,,,,,,failed,division by zero
HPE,Period2,best1bin,1.01720779597303E-06,0.989502660543803,3.25330580786418E-06,0.424461833638028,0.300941290860209,0.299985222637634,0.0000015,0.972104988572984,9.98216610615719E-06,0.25,0.3,1.11796646818894,-20.8454890092605,8.84852223151186,,,4988992.30590577,-2059.15473032582,493.614995241165,2804,696,ok,
HPE,Period3,best1bin,1.28795936768109E-06,0.984124431314744,8.58438720529143E-06,0.357988734436413,0.313339818364518,0.299999545630643,0.0000015,0.900143625621853,0.00001,0.25,0.3,1.09308676331845,-16.9879177195113,11.9676298335389,-0.224859455362308,24.5755288026176,725023.146660639,451.434245991581,400.250957965851,2419,461,ok,
IBM,Period1,best1bin,1.11898302109213E-06,0.986879354885609,6.80128585524551E-06,0.452987512917213,0.462195119023191,0.299993700488088,0.0000015,0.851576040103299,0.00001,0.25,0.3,1.18014951427975,-21.9764738185903,11.7753575732478,-3.25907948345464,18.2644124669469,8782194.7798186,2058.10254309058,689.411667346954,6313,267,ok,
IBM,Period2,best1bin,1.23756273711962E-06,0.982963571541339,9.19677377818317E-06,0.256081104439908,0.494917352561475,0.299989793805434,0.0000015,0.833702532159148,0.00001,0.25,0.3,1.12992836099509,-23.7876501251691,17.9861210570554,,,21721759.5987963,-4862.43380899521,3690.3616373539,31406,1887,ok,
IBM,Period3,best1bin,1.24253680070089E-06,0.975968996822979,7.08748425890286E-06,0.26128058862319,0.360372522666226,0.299997888106364,0.0000015,0.792203300043551,0.00001,0.25,0.3,1.07268419578902,-23.4333356062359,15.1046359723245,-0.0658864925841574,28.7217559852654,18195189.4853457,416.94038347565,1549.0656273365,16442,896,ok,
INTC,Period1,best1bin,1.42405633193614E-06,0.980394414613037,9.23975305540977E-06,0.388852296623537,0.416232766904999,0.299999223845419,0.0000015,0.916730139841211,0.00001,0.25,0.3,1.1338558255469,-22.404053387498,10.7797087448713,-2.52387701115526,18.8632454327809,10875538.9654138,1425.01626343951,773.662256479263,5635,261,ok,
INTC,Period2,best1bin,1.31178813447717E-06,0.972853682893993,8.2624762166327E-06,0.282478999050593,0.335929181291605,0.299999084486057,0.0000015,0.978507583462216,1.7810127274513E-06,0.25,0.3,1.06728022943286,-25.1484242222504,17.6284254388407,,,42892695.9198967,-4166.12662851096,4878.46596670151,38383,1742,ok,
INTC,Period3,best1bin,1.11226550409897E-06,0.977086499271185,9.00102033454758E-06,0.263440910629027,0.346326793965724,0.299987262282691,0.0000015,0.716837827179411,0.00001,0.25,0.3,1.06959870453919,-22.6255065262477,18.8170526224498,-5.66763777615135,22.9708444777819,12148949.5001985,6862.44374322535,3255.23213720322,29393,874,ok,
ITW,Period1,best1bin,1.23448844976708E-06,0.988517446905537,8.84767514528272E-06,0.421549358268993,0.335668475871209,0.299996783498218,0.000001,0.99,6.76279526135745E-06,0.25,0.3,1.12585253477849,-18.1235479404789,8.4989019562638,,,1279236.49576088,-649.912841588877,280.399552106857,1517,295,ok,
ITW,Period2,best1bin,1.38267258790864E-06,0.973042570362387,9.96345980259649E-06,0.2811986600768,0.386386299819737,0.299996645450619,0.0000015,0.790605810392549,0.00001,0.25,0.3,1.08405668807309,-17.3965773471379,14.4480485265977,2.55046418225607,31.0077479970075,889387.829987472,112.704337661489,635.355302810669,4311,848,ok,
ITW,Period3,best1bin,1.45634331844878E-06,0.989161103908073,8.70193884127456E-06,0.414554978425975,0.320071536040168,0.299997040808286,0.0000015,0.5,0.00001,0.25,0.3,1.11925926749943,-14.659661327058,8.86853414724199,-5.44016609239134,17.5335076132699,226348.39533469,6124.68769900636,180.125779867172,817,340,ok,
JNJ,Period1,best1bin,1.25565762733704E-06,0.983845251053112,8.39148516834154E-06,0.300515745899124,0.315892938517355,0.299997004786852,0.0000015,0.941369104385454,0.00001,0.25,0.3,1.07612710226543,-22.1936227897422,8.28132100677663,,,9789406.55175524,-91.1001850308075,527.539041996002,3278,266,ok,
JNJ,Period2,best1bin,1.12699291135366E-06,0.956073188486215,7.97096584876195E-06,0.257681299789904,0.513646364910801,0.299996102576284,0.0000015,0.878201374249068,0.00001,0.25,0.3,1.11548562619807,-24.2731985546268,15.7889596429998,,,27690481.3163665,-5944.5144294114,2384.44929742813,22302,1722,ok,
JNJ,Period3,best1bin,1.05417518629088E-06,0.983024362679342,8.12422625321072E-06,0.451383030864879,0.314259300938215,0.299992873707383,0.0000015,0.766685023411781,0.00001,0.25,0.3,1.12642906854679,-22.1596126680672,15.3755460248606,,,9624344.52031445,-643.85808274765,1410.88284444809,13454,898,ok,
JPM,Period1,best1bin,1.35227627154246E-06,0.982459486800257,8.86178754088332E-06,0.334676467761273,0.301168747558027,0.299998468274425,0.0000015,0.88141197071481,0.00001,0.25,0.3,1.08071161549371,-24.0017211068414,11.6052782065563,-4.5436124557751,17.9144066710818,24175748.3273623,3912.00859362831,1334.07702493668,9149,312,ok,
JPM,Period2,best1bin,1.03142305607841E-06,0.977250175317839,9.73556465244939E-06,0.254076352614226,0.594609429616186,0.299999743121652,0.0000015,0.962359936078329,1.64700213938656E-06,0.25,0.3,1.17180760878261,-24.8532906859938,18.4505048439367,,,37008025.1485556,-2312.74974423927,5250.10197353363,42649,1823,ok,
JPM,Period3,best1bin,1.17424920438877E-06,0.98964668107145,9.75410333861234E-06,0.257932161582069,0.517955559345716,0.299993021910726,0.0000015,0.85672790310712,0.00001,0.25,0.3,1.14638890211297,-22.0950775449644,18.725134899278,0.410760819097156,29.2117812289104,9318747.34403583,328.527185329852,2786.79804730415,25953,898,ok,
L,Period1,best1bin,1.02488840872711E-06,0.988743823747071,9.59318478010283E-06,0.451804852200748,0.330649376206297,0.299999724627827,0.000001,0.5,0.00001,0.25,0.3,1.13625304556195,-16.9979303654429,-5.41048979776137,-0.661417883551533,3.58688332306173,728661.947596847,561.554562256665,24.4619681835175,75,15,ok,
L,Period2,,,,,,,,,,,,,,,,,,,,,,,failed,division by zero
L,Period3,,,,,,,,,,,,,,,,,,,,,,,failed,division by zero
LEN,Period1,,,,,,,,,,,,,,,,,,,,,,,failed,division by zero
LEN,Period2,,,,,,,,,,,,,,,,,,,,,,,failed,division by zero
LEN,Period3,,,,,,,,,,,,,,,,,,,,,,,failed,division by zero
LH,Period1,best1bin,1.39298915929658E-06,0.987412235272654,8.23780302020379E-06,0.256831595829995,0.303157452948792,0.299996178714861,0.000001,0.99,7.38270450915429E-06,0.25,0.3,1.06435418556556,-15.4527359008209,6.87798772036715,,,336504.88680409,-503.09396116119,139.584880590439,643,216,ok,
LH,Period2,best1bin,1.47258520660401E-06,0.986633448915972,7.2128818348751E-06,0.428421707609444,0.373945159048909,0.299996357190343,0.0000015,0.922240705060088,0.00001,0.25,0.3,1.13878255347592,-16.0144052798307,10.6277814846451,,,445611.439732701,-856.626513147669,272.168469429016,1523,487,ok,
LH,Period3,best1bin,1.12838295548407E-06,0.988881118366024,8.55058089128091E-06,0.252594840545045,0.302528912920306,0.299997526291218,0.000001,0.95359359267599,0.00001,0.25,0.3,1.06452513495828,-15.7461654152921,7.97413051626464,,,389680.599782523,-324.05897711587,179.359525203705,849,222,ok,
LLY,Period1,best1bin,1.47798492126555E-06,0.987041258685939,9.4136455792401E-06,0.424203891202376,0.311189079427441,0.299992875791605,0.0000015,0.658248510013324,0.00001,0.25,0.3,1.11849811394801,-19.7188113071745,8.9823363166414,-5.93695350533254,15.5414254505848,2840258.57516822,7851.63251356313,384.491404056549,2299,265,ok,
LLY,Period2,best1bin,1.26970236981749E-06,0.983866061319471,8.81113210469755E-06,0.493269378495129,0.33817098961051,0.299999859047129,0.0000015,0.906662321453316,0.00001,0.25,0.3,1.15137601359011,-20.8710009791554,16.0571855900105,,,5053039.44035326,-4065.78837129112,1542.50549960136,11916,1364,ok,
LLY,Period3,best1bin,1.18392832110259E-06,0.986511263914413,8.11840849851324E-06,0.26847344411914,0.30462492422023,0.299996199103716,0.0000015,0.699142287212496,0.00001,0.25,0.3,1.06680776550918,-18.0558145591827,16.4829238747605,-5.11820827928044,23.071400045412,1236638.3889691,5214.0080564015,1061.75661945343,7389,811,ok,
LOW,Period1,best1bin,1.20485089904251E-06,0.989984623811743,9.98306016658173E-06,0.268518272801388,0.332658341607744,0.299992394495931,0.0000015,0.99,0.00001,0.25,0.3,1.07834743499219,-18.7856260533239,11.5876193220094,,,1781227.02854754,-513.793603753202,536.954152345657,3212,259,ok,
LOW,Period2,best1bin,1.42168196162193E-06,0.981939363052847,9.39907249134503E-06,0.250985214896889,0.431160084878231,0.299984581894374,0.0000015,0.99,1.28631445158128E-06,0.25,0.3,1.10140705903496,-21.6823104304458,16.4315950386581,,,7580996.51413914,-3480.3443594977,1586.74807691574,15105,1257,ok,
LOW,Period3,best1bin,1.07741178800093E-06,0.989662377043729,7.4927519824584E-06,0.276602116302937,0.432901544601836,0.299996718397407,0.0000015,0.793354124901784,0.00001,0.25,0.3,1.11505340618962,-20.5848036572293,15.4598932980735,-2.77638573179684,25.8138481288864,4379310.40691853,1616.78172995443,1296.59819173813,9986,867,ok,
LUV,Period1,best1bin,1.08596632613996E-06,0.989943117333423,9.32429847566541E-06,0.258566624079429,0.303382021592584,0.299994696037684,0.0000015,0.96285990213569,0.00001,0.25,0.3,1.06718542238796,-17.5235502451446,9.56435176692817,0.196339564347618,22.27737521845,947682.796666075,365.706177701911,325.805136203766,1665,293,ok,
LUV,Period2,best1bin,1.17591933641289E-06,0.985910732824852,6.02407294709517E-06,0.409303606086981,0.356257577949135,0.299999936487221,0.000001,0.99,3.27954118366221E-07,0.25,0.3,1.12537499391932,-21.4102821579005,15.1906220303781,-2.97486428847631,28.7340611869353,6616923.41499431,1785.46139291452,1378.29601955414,11161,1458,ok,
LUV,Period3,best1bin,1.32600504732497E-06,0.986394341150729,8.29380318278605E-06,0.445531067698317,0.593107447254688,0.299998699942397,0.0000015,0.795038647346215,0.00001,0.25,0.3,1.23419940552493,-19.9372330327973,17.1807429199028,-4.73497932842544,23.506194691191,3168017.3748872,4304.81595377983,1514.40702176094,12377,818,ok,
MA,Period1,best1bin,1.26543773560319E-06,0.989180419446527,9.7402916562384E-06,0.472110205836737,0.436907118035038,0.299998174025539,0.0000015,0.913638092401603,0.00001,0.25,0.3,1.17993804013506,-20.6420626865439,13.2310484169411,-3.31422709179367,17.5193969502352,4506499.93823099,2115.6419034801,823.019932508469,6468,238,ok,
MA,Period2,best1bin,1.23556847627489E-06,0.97133269925856,9.16258788121061E-06,0.41410184479496,0.316822058016734,0.299984944176413,0.0000015,0.950960256868023,1.89235192784075E-06,0.25,0.3,1.10242630912136,-20.8119324978145,19.4868902101525,,,4905984.03151925,-292.504528311413,2769.57630181313,23383,1680,ok,
MA,Period3,best1bin,1.35316389284643E-06,0.98392057785584,7.51957387373246E-06,0.371521380840093,0.313954669143874,0.299995341459145,0.0000015,0.827700973322231,0.00001,0.25,0.3,1.09758615802365,-19.8326656541855,18.441183096327,-0.619649017554774,28.1478704677042,3006637.27280128,549.948429220898,3617.60093140602,15596,893,ok,
MAR,Period1,best1bin,1.34207914191957E-06,0.989663469530835,9.68940577457148E-06,0.369098717259979,0.333729799119848,0.299997146288049,0.0000015,0.921092734318544,0.00001,0.25,0.3,1.10771983142085,-15.0683582537623,11.6000237245261,-3.38013626793284,17.8674450030177,277667.359279344,2186.5235336742,332.378489732742,1531,255,ok,
MAR,Period2,best1bin,1.219909862226E-06,0.971274705252774,9.13333482047557E-06,0.391056361574657,0.316235738435794,0.299997748985843,0.0000015,0.981956438426824,1.32333212887504E-06,0.25,0.3,1.09375713636109,-19.5552473929047,13.4164496100598,,,2617221.18494469,-1494.745413789,638.577014684677,5401,988,ok,
MAR,Period3,best1bin,1.32443539462325E-06,0.989798441020398,9.007064223272E-06,0.312874800592415,0.501791226797544,0.299999585739553,0.0000015,0.884054985228822,0.00001,0.25,0.3,1.15299003901422,-18.031542577223,15.4426432160724,-2.24054190323492,25.4236343650716,1221721.25681122,1236.78549710146,988.926347017288,5972,743,ok,
MCD,Period1,best1bin,1.49827824134951E-06,0.98734462297885,3.86752196698559E-06,0.293277540544962,0.320520959323004,0.299996438916387,0.0000015,0.943902300333365,0.00001,0.25,0.3,1.07870051714824,-20.4085018792515,11.7692441326272,,,4009796.05796159,-223.471209171316,677.238891363144,4608,306,ok,
MCD,Period2,best1bin,1.27664442263985E-06,0.979219454446001,4.17272884824628E-06,0.252194718344071,0.400169491550672,0.299990415231723,0.0000015,0.959628871005839,1.91206667900504E-06,0.25,0.3,1.08747806318709,-23.2655900301126,17.246716742603,,,16731354.2160268,-5459.47229568969,2823.74741125107,24403,1801,ok,
MCD,Period3,best1bin,1.23064189879015E-06,0.988271661291755,6.85494136122938E-06,0.255900511019858,0.433038253404733,0.299999178301159,0.0000015,0.814822511221716,9.52011951862051E-06,0.25,0.3,1.10891301598138,-19.707747736125,16.9947075460812,,,2824590.2507557,-444.899127180817,1257.23837089539,11390,894,ok,
MS,Period1,best1bin,1.37991742367345E-06,0.975946293677093,9.75170700501614E-06,0.253264934696619,0.581439594013818,0.299980414144669,0.0000015,0.887672454007068,0.00001,0.25,0.3,1.16390991785142,-23.858827186745,9.94186966338816,-6.14846001961456,15.3974618634506,22508725.5309005,8727.46308998022,935.171727657318,6375,268,ok,
MS,Period2,best1bin,1.07460922401947E-06,0.980712573930902,9.27450380840051E-06,0.250694326540148,0.565977594829113,0.299997004271825,0.0000015,0.948376007537637,2.2123525154321E-06,0.25,0.3,1.1597307601169,-23.3491322284595,16.4916231008498,-4.86397834679933,27.071084257185,17445043.2920321,4591.62455230738,2603.09736871719,21336,1514,ok,
MS,Period3,best1bin,1.31531962514005E-06,0.98175955026742,7.90206070427572E-06,0.298949141110221,0.383502480166284,0.299996619843343,0.0000015,0.85070064837348,0.00001,0.25,0.3,1.09558046526473,-21.1052490891329,17.1374048343524,-1.90279436906196,26.6735826725293,5680924.51720879,1044.6082194975,1827.58037447929,15499,865,ok,
MSFT,Period1,best1bin,1.36708515096844E-06,0.98527719667159,3.60092634240357E-06,0.365709971817554,0.43010017732717,0.299999157203722,0.000001,0.99,5.08034461126671E-06,0.25,0.3,1.13556201958304,-23.0030377146402,10.9688136814742,,,14672988.6890358,-545.033915727706,781.469327688217,6597,260,ok,
MSFT,Period2,best1bin,1.4961089619451E-06,0.981348815579995,7.47900360796793E-06,0.307820992283186,0.358472530435281,0.299998732733542,0.0000015,0.952953462306435,2.71914417964852E-06,0.25,0.3,1.08917483273592,-25.5284740542114,18.8305325081758,,,51869267.6411311,-2854.83646985393,6097.99758672714,52670,1762,ok,
MSFT,Period3,best1bin,1.46839727205547E-06,0.989212694476173,2.63186157998429E-06,0.41914448973863,0.392075018106407,0.299995169656879,0.0000015,0.902051855299336,7.09494877971402E-06,0.25,0.3,1.14365496458647,-24.861313799644,19.5081242506426,,,37156783.120461,-254.765181921757,4767.73975324631,52780,908,ok,
MSI,Period1,best1bin,1.14982853698547E-06,0.98870106068767,7.44559102742291E-06,0.254471489241395,0.309351053831047,0.29999333673448,0.0000015,0.931823168185418,0.00001,0.25,0.3,1.06676314184771,-21.3196957390723,9.43408661230551,-4.29238616231772,17.0485822078795,6323907.62110326,3450.21932738178,560.408181428909,3466,259,ok,
MSI,Period2,best1bin,1.12115699685989E-06,0.989178841244351,5.6066805460611E-06,0.289512855065794,0.303546089353104,0.299996397447935,0.000001,0.910591778269188,0.00001,0.25,0.3,1.07444529949557,-21.2500370419873,9.14030236708992,,,6107441.60573632,-906.133770922211,545.974715709686,3223,607,ok,
MSI,Period3,best1bin,1.2157718584046E-06,0.98718796219348,9.10450048149594E-06,0.482684319353977,0.335743604365339,0.299998194999601,0.0000015,0.955097183520054,0.00001,0.25,0.3,1.14902044925516,-15.4281235520171,7.59159557098528,,,332389.175252855,-493.744439772971,138.712097644806,738,216,ok,
MTB,Period1,,,,,,,,,,,,,,,,,,,,,,,failed,first_obs and last_obs produce an empty array.
MTB,Period2,,,,,,,,,,,,,,,,,,,,,,,failed,first_obs and last_obs produce an empty array.
MTB,Period3,,,,,,,,,,,,,,,,,,,,,,,failed,first_obs and last_obs produce an empty array.
MU,Period1,best1bin,1.40939858215413E-06,0.989438794045357,8.10143062211397E-06,0.275706555627989,0.301246289955516,0.299998537724635,0.0000015,0.944188235044261,0.00001,0.25,0.3,1.07039831803762,-19.9919621938616,9.57564289255789,-4.00025644897507,17.0317327666191,3255905.87309076,2981.34024335876,511.026475906372,2734,246,ok,
MU,Period2,best1bin,1.25853965350982E-06,0.987710751997268,4.39391166071409E-06,0.295886304970537,0.306034631733634,0.299999371377506,0.0000015,0.96284330944329,0.00001,0.25,0.3,1.07553634569984,-23.5234327657465,19.95251544958,,,19033599.7431485,-2069.27552309268,5455.50354743004,44143,1514,ok,
MU,Period3,best1bin,1.3563506835348E-06,0.983469350048507,7.51915995005999E-06,0.435608204660602,0.304262257874006,0.299999950762786,0.0000015,0.89610855609689,0.00001,0.25,0.3,1.11782914261413,-21.8587030453551,19.6416973653483,-1.24578651148031,27.4132554427528,8279983.40951415,752.118021966772,2967.04825592041,29735,877,ok,
NKE,Period1,best1bin,1.03447299998244E-06,0.988867512954913,8.91201413195371E-06,0.41756110647501,0.461490790804305,0.299998671185142,0.000001,0.99,7.56503986882343E-06,0.25,0.3,1.16841344818345,-19.0193851338225,10.1604877747853,,,2002070.72801336,-594.8159045082,366.796862363815,2530,265,ok,
NKE,Period2,best1bin,1.34207269755271E-06,0.986131946795287,7.17968254944469E-06,0.261340113031397,0.3169998583723,0.299999119494183,0.0000015,0.978665424480655,2.66786669139377E-06,0.25,0.3,1.06829012044057,-21.9054930540935,18.15262800161,,,8475977.35789174,-5302.82979092003,2684.05187082291,22284,1737,ok,
NKE,Period3,best1bin,1.03953844123502E-06,0.988758325851491,8.13972801969499E-06,0.393585578486726,0.311478074632516,0.299988726097055,0.0000015,0.687627592257362,0.00001,0.25,0.3,1.10886032735304,-20.0796944617635,18.9491278582741,-5.57206932533781,23.2021653257033,3401908.75599039,6542.23849014771,2727.23988509178,18138,894,ok,
NTAP,Period1,best1bin,1.4359450272347E-06,0.988642322621689,8.55471812004252E-06,0.420534345728927,0.439364118880314,0.299996343485549,0.000001,0.942011270828638,0.00001,0.25,0.3,1.16073408111039,-18.7160171030522,10.9708563777642,-2.2929392661176,19.7675835474921,1720298.79465672,1269.61582419826,377.756922483444,2800,292,ok,
NTAP,Period2,best1bin,1.07537997407587E-06,0.977144606884391,9.96429740007329E-06,0.253810812538518,0.357509465342233,0.299998471706542,0.0000015,0.98565590115842,4.72381428635575E-06,0.25,0.3,1.07100164763386,-20.111771292467,15.7974187650503,,,3456909.86795397,-3837.35799173693,1180.37068271637,9719,1319,ok,
NTAP,Period3,best1bin,1.10732759668781E-06,0.98932927510695,9.54239846947989E-06,0.257047498418807,0.508814830313479,0.299997973478743,0.0000015,0.5,0.00001,0.25,0.3,1.14181362869175,-15.7743131477982,12.7901416596525,-6.64054320031536,18.9512640761109,395203.686855085,11162.013046257,394.822798490524,2237,526,ok,
NVDA,Period1,best1bin,1.33501538772709E-06,0.988910422366114,9.73138835799882E-06,0.4503237887966,0.391093780598045,0.299999639435028,0.0000015,0.958101649379477,0.00001,0.25,0.3,1.15485483223624,-23.2850150682859,8.93056487181375,-3.72391820396894,18.5782480044684,16894649.5339646,2596.60240460414,654.649281024933,4643,304,ok,
NVDA,Period2,best1bin,1.13188667324469E-06,0.986512348750976,6.95859243712097E-06,0.433956759903694,0.420565846923689,0.299999170491104,0.0000015,0.976392693434596,7.55248185811442E-06,0.25,0.3,1.15689269828823,-23.5948638322042,19.624755023492,,,19725680.3547147,-4037.9648946517,5717.82504701614,41937,1712,ok,
NVDA,Period3,best1bin,1.47242539155542E-06,0.982966588542056,9.95939353303622E-06,0.3916407780287,0.365559813175238,0.299997435767762,0.0000015,0.861436057281777,0.00001,0.25,0.3,1.11948192942763,-23.8764347170108,21.9467133028725,-4.94786589126581,23.9393914922939,22707761.9131514,4788.31065051398,6028.75688552856,70589,911,ok,
ORCL,Period1,best1bin,1.2338617480483E-06,0.987735654056594,8.23781099850835E-06,0.456829099842703,0.592442129179568,0.299999996525766,0.0000015,0.916556845791168,0.00001,0.25,0.3,1.23907313151965,-20.3223152020338,11.7357369421721,-0.926772589013801,20.8819650300017,3840670.8161656,641.228773707875,776.909337282181,4499,280,ok,
ORCL,Period2,best1bin,1.18669500241687E-06,0.971367690625872,9.55630911832548E-06,0.254768340295013,0.456941708248755,0.299990364303684,0.0000015,0.98250464425671,1.59570706664814E-06,0.25,0.3,1.10329407794954,-23.2761362805253,17.1863389290779,,,16819813.7658464,-4765.93714476421,2960.01155519485,24161,1676,ok,
ORCL,Period3,best1bin,1.33993450498905E-06,0.985671905092119,9.35685198406695E-06,0.255056842091016,0.36964442926287,0.299987119975966,0.0000015,0.658766622045421,0.00001,0.25,0.3,1.08316208452834,-19.9018991181134,17.7620315037079,-5.04298257111001,23.6365488737235,3112539.65132879,5021.53672096584,1522.83226060867,13805,880,ok,
PAYX,Period1,best1bin,1.26215905186643E-06,0.989372347938659,6.17785954046269E-06,0.251279844641714,0.394323516373505,0.299999569535121,0.0000015,0.99,0.00001,0.25,0.3,1.0942989713939,-18.364029276371,8.84550436388717,,,1442682.28700114,-695.109796320461,267.446572780609,1706,288,ok,
PAYX,Period2,best1bin,1.22473761899049E-06,0.969397124689199,7.85046706728681E-06,0.285220319197968,0.302131908919642,0.299997458281976,0.000001,0.5,0.00001,0.25,0.3,1.05468720779653,-18.721481263937,12.8697903800572,-4.62162914189359,22.936638062961,1725005.21558143,4067.62500373532,554.561723947525,4098,730,ok,
PAYX,Period3,best1bin,1.22458358622063E-06,0.988952567297319,9.22298195534759E-06,0.385352373827077,0.333784307907746,0.299996579829948,0.000001,0.945577276367373,0.00001,0.25,0.3,1.11262554198173,-16.4943782926238,10.6025246219697,,,566475.520286074,-416.592391431064,221.284430742264,1668,259,ok,
PCAR,Period1,best1bin,0.000001,0.99,0.00001,0.25,0.3,0.1,0.000001,0.99,0.00001,0.25,0.3,1.06423681579853,,,,,,,6086.75805091858,1725,290,ok,
PCAR,Period2,best1bin,1.488664956293E-06,0.988563398519677,6.88440403131434E-06,0.25394822265682,0.310309025293604,0.299999482465335,1.27412899891635E-06,0.989798768846049,8.49614956540977E-06,0.25,0.3,1.06678910001537,-16.4750605208129,13.5900000310317,,,561030.337401062,-1971.76782225476,491.494755744934,3020,657,ok,
PCAR,Period3,best1bin,1.15432828057137E-06,0.988988652037592,9.05772712415185E-06,0.494806837068275,0.32899877224805,0.299999029925015,0.0000015,0.5,0.00001,0.25,0.3,1.15376451327502,-15.4675449702466,9.35785675776042,-5.5829957052578,14.9402142903759,339005.796529441,6578.07779109795,276.175414085388,1059,226,ok,
PFE,Period1,best1bin,1.45932086147056E-06,0.989442833546111,4.22191067413623E-06,0.355349523138677,0.3841239908585,0.299997753424947,0.0000015,0.967089013488714,7.63249289308264E-06,0.25,0.3,1.11929515536504,-22.5247853414852,9.33258234384894,,,11552271.8290112,-302.865276652236,717.784453630447,4322,297,ok,
PFE,Period2,best1bin,1.15156731761089E-06,0.987757915317592,4.27669875942226E-06,0.474628567671525,0.357124253643265,0.299995751443795,0.0000015,0.911500617042111,3.89113360868897E-06,0.25,0.3,1.15259520608163,-23.8659335456193,16.1820803710049,,,22588845.3273265,-3641.76599091587,2795.44779896736,22239,1689,ok,
PFE,Period3,best1bin,1.15838357529339E-06,0.968279649595792,7.50318323156387E-06,0.263125672434788,0.344157525379868,0.299995815088655,0.0000015,0.802997624765863,0.00001,0.25,0.3,1.06077566037727,-25.3294339588907,15.1462682249041,,,46955785.3394837,-464.133741689222,2240.59493565559,24225,876,ok,
PH,Period1,best1bin,1.16625059459252E-06,0.98736106444405,7.85601766136577E-06,0.430113892898723,0.301132783062191,0.299997920058593,0.0000015,0.8828877408473,0.00001,0.25,0.3,1.11828475154696,-20.4127502658065,3.57136832556782,-3.85413274143346,17.2985848933572,4018322.692696,2771.28494509035,129.349571466446,895,251,ok,
PH,Period2,best1bin,1.06468352442165E-06,0.988071317695038,8.30944464078823E-06,0.267883817223801,0.320712284727925,0.299995082346277,0.0000015,0.985480195985887,0.00001,0.25,0.3,1.07280149050399,-16.6356346159465,12.9811064437043,,,607931.389262709,-1853.66248678974,494.372198581696,2761,630,ok,
PH,Period3,best1bin,1.38488505122958E-06,0.989127830469295,9.80125261039153E-06,0.462709492114299,0.475523703806677,0.299998598642432,0.0000015,0.955196619935396,0.00001,0.25,0.3,1.1910485851054,-14.6543938193687,9.434759037902,,,225753.033740345,-258.643492160854,181.065814495087,914,234,ok,
PHM,Period1,best1bin,1.27087927790265E-06,0.987349841469898,9.85940751964062E-06,0.378026555613566,0.310150121358836,0.299997147420685,0.0000015,0.958234572028388,0.00001,0.25,0.3,1.10179711566033,-19.9784457286683,8.95431330347527,-3.44292589491416,17.8980424752831,3233975.89131503,2256.25795414337,447.627382040024,2408,259,ok,
PHM,Period2,best1bin,1.30303002165864E-06,0.989587826881471,8.19636312513129E-06,0.287138062018936,0.303216884259806,0.299999920983722,0.0000015,0.960487553630248,2.981572722487E-06,0.25,0.3,1.07409162213523,-20.1067256914038,14.0284146511419,-2.7751674894551,27.5359662482803,3448199.76544665,1615.79721384928,1104.95616579056,6816,1155,ok,
PHM,Period3,best1bin,1.25086082818192E-06,0.989790132790558,9.88074188864396E-06,0.321796874781322,0.390230473769704,0.299998136717286,0.0000015,0.83631412589871,0.00001,0.25,0.3,1.11153837466203,-15.4302633485034,14.0766234204597,-4.34645572912831,20.4928515842292,332744.988155356,3544.76754636624,510.543169498444,2701,464,ok,
PYPL,Period1,,,,,,,,,,,,,,,,,,,,,,,failed,division by zero
PYPL,Period2,best1bin,1.47190923660085E-06,0.989773299522721,7.87768826952611E-06,0.3154351198481,0.331907485061015,0.299996944034683,0.0000015,0.754023217491628,0.00001,0.25,0.3,1.09055631582483,-18.8946830563462,19.1040361763388,-3.54653846811214,25.6737820026766,1881051.57752007,2376.22704613808,2189.06208229065,14761,963,ok,
PYPL,Period3,best1bin,1.15680242404991E-06,0.983822042888399,8.40897606248198E-06,0.252243819412635,0.339759588737495,0.299996239847632,0.0000015,0.746413109447428,0.00001,0.25,0.3,1.07096654229537,-23.1754772749505,18.6006814158746,-6.37449012570934,22.3458115779211,15994230.7567198,9771.69346182962,4361.36689543724,31421,886,ok,
QCOM,Period1,best1bin,1.26133806440087E-06,0.989433595672363,9.97805817449145E-06,0.253099379083482,0.540185230191181,0.2999843911224,0.0000015,0.91634192412608,0.00001,0.25,0.3,1.15535198920305,-22.0991251819829,12.0579739134677,-2.25424474482832,19.1786794482383,9337625.89432982,1245.28832995868,950.739929437637,6846,263,ok,
QCOM,Period2,best1bin,1.13896509582867E-06,0.988644644701437,4.86583639068942E-06,0.250187075872148,0.353910960507717,0.299990939562983,0.0000015,0.976664545567711,5.78378018714678E-06,0.25,0.3,1.07947430466073,-23.6620788706636,17.5651447262759,,,20399877.1213244,-5422.65044768458,2769.39118266106,28154,1730,ok,
QCOM,Period3,best1bin,1.1480467638188E-06,0.97636778740601,6.46926662098046E-06,0.377929156225495,0.329241077111932,0.299999438343302,0.0000015,0.72073010962553,0.00001,0.25,0.3,1.09750817323172,-21.3051638730079,18.6578197650316,-5.80410084320627,23.0501349930516,6278125.05975851,7347.0225992808,3508.2125852108,21864,906,ok,
SBUX,Period1,best1bin,1.44667787855417E-06,0.989080335196196,6.81802842433884E-06,0.400121647142743,0.457581289682619,0.299996135556689,0.0000015,0.956059460821594,0.00001,0.25,0.3,1.16092974753007,-20.6692686609085,11.0887850922243,-1.20123873850821,20.0463425324423,4568220.64035097,735.550625628117,623.790162801743,4237,255,ok,
SBUX,Period2,best1bin,1.11842284176464E-06,0.983503639918113,7.8246647140231E-06,0.263794476345923,0.488743746606728,0.299996861624864,0.0000015,0.975013873000652,1.99702699439743E-06,0.25,0.3,1.12948545160726,-22.9051914924087,17.9558891929454,,,13972417.2282502,-3939.88643777366,2912.6690890789,26166,1592,ok,
SBUX,Period3,best1bin,1.24745276336682E-06,0.988187841272357,8.30823351146438E-06,0.374916756488107,0.329328495685409,0.299996767822531,0.0000015,0.815267163694715,0.00001,0.25,0.3,1.10703886204373,-20.870691412848,18.7804428357808,-1.71101002477387,27.0497867707062,5052257.37549971,949.091311267012,2352.52158403397,20542,892,ok,
SNA,Period1,best1bin,1.3530271637231E-06,0.989957020307789,9.93484489227388E-06,0.331212452218735,0.499143229003696,0.299997625782213,0.0000015,0.842466763225479,0.00001,0.25,0.3,1.15709141977728,-14.0531574025697,3.1589311500393,-4.67237718902453,12.6244343464937,167138.602335937,4172.15761442696,103.766408920288,231,132,ok,
SNA,Period2,best1bin,1.23366373923904E-06,0.987732172881615,8.58541103777446E-06,0.378210484254166,0.344110941906467,0.299998688673232,0.0000015,0.965941484546298,0.00001,0.25,0.3,1.11223664575494,-18.2031401455233,7.85464352104568,,,1331171.67730749,-954.590223240143,225.701215267181,1355,428,ok,
SNA,Period3,best1bin,1.2611568271387E-06,0.988668781505298,9.68151464451621E-06,0.255786737645142,0.493570690025088,0.299998439005073,0.0000015,0.939676376516102,0.00001,0.25,0.3,1.13424196749436,-18.5347511141615,2.96917785915473,,,1571239.81549556,-128.095224631567,92.9380373954773,545,166,ok,
SWK,Period1,best1bin,1.48690939423828E-06,0.989995196115811,9.99726062130676E-06,0.499874149273661,0.59763534325019,0.227405059731646,0.0000015,0.873549657412357,0.00001,0.25,0.3,1.25981453279774,,,-3.58949421976329,16.0485031316192,-832.16574461389,2427.81537632077,198.810729265213,466,195,ok,
SWK,Period2,best1bin,1.40009626300049E-06,0.989441960217879,8.45526248492225E-06,0.489578172341632,0.323802711783314,0.299999284348162,0.0000015,0.98081908709946,0.00001,0.25,0.3,1.15044790221237,-17.6253754454201,13.2312089281785,,,997181.145198948,-2252.35090339322,639.881263256073,3538,742,ok,
SWK,Period3,best1bin,1.45267990521058E-06,0.989596994105988,9.80751978618245E-06,0.298883269778051,0.433718852369653,0.299995992375667,0.0000015,0.940343515298998,0.00001,0.25,0.3,1.12104659256249,-16.980787963347,10.0223149235087,2.00178482381964,24.9044517835989,722443.128992593,148.280772512291,302.060669898987,1637,336,ok,
SYK,Period1,best1bin,1.24090066472238E-06,0.9892924469037,9.47332479189747E-06,0.484310347561749,0.522694840404035,0.299993592731176,0.0000015,0.99,0.00001,0.25,0.3,1.2192071007554,-16.9775509775958,10.6236218047773,,,721274.805651846,-722.466954086388,315.147815704346,1845,290,ok,
SYK,Period2,best1bin,1.22661391851019E-06,0.975285861094232,8.97347053764003E-06,0.251070864208661,0.366865635366903,0.299996704427994,0.0000015,0.981064623173088,3.72836295391925E-06,0.25,0.3,1.07182530488881,-16.9772874996226,13.6730077003413,,,721179.791898536,-2205.31916075005,494.392274141312,3395,694,ok,
SYK,Period3,best1bin,1.14344225392086E-06,0.989899872724564,8.84845606645871E-06,0.29604088431069,0.355981977757001,0.299999484107304,0.0000015,0.950323682227898,0.00001,0.25,0.3,1.09282438285891,-14.0978469149848,12.7752981611099,,,170915.311341481,-506.055145621325,314.06479215622,1595,281,ok,
TJX,Period1,best1bin,1.00523630512304E-06,0.989988485307161,9.77261785457191E-06,0.408944911011115,0.322084676763988,0.299998255961186,0.0000015,0.867665796986254,0.00001,0.25,0.3,1.11850421563145,-14.6164185544607,7.3598894361165,-2.71742666429945,17.6715495448071,221506.957150272,1569.81543192727,168.88916015625,599,221,ok,
TJX,Period2,best1bin,1.3917846751068E-06,0.979146903587216,6.34445285032551E-06,0.276151896164087,0.306497057088564,0.299998547983681,0.0000015,0.5,0.00001,0.25,0.3,1.06251069387823,-19.5391230774659,13.3842014551904,-5.14984574915507,21.9738810161971,2596205.5644204,5297.14287808276,590.471550226212,5349,679,ok,
TJX,Period3,best1bin,1.04221711022266E-06,0.986210015350298,8.4524203825858E-06,0.413590611288878,0.30644112742079,0.299993885476804,0.0000015,0.934923509442542,7.64937193680724E-06,0.25,0.3,1.11246283208519,-18.2408643564532,14.5594411017638,,,1356518.67526142,-1117.21589155556,1002.40924358368,5219,694,ok,
TMO,Period1,best1bin,1.06151251336984E-06,0.985221045998435,7.79092819470316E-06,0.290460286321021,0.382921194189341,0.299998442784951,0.0000015,0.882281398755374,0.00001,0.25,0.3,1.09620086135213,-19.8824929979179,3.03455311287596,-2.66771498864614,17.8819851162423,3082484.54111106,1531.27728716411,112.422629356384,723,227,ok,
TMO,Period2,best1bin,1.34951194179098E-06,0.985858331027468,8.40071865935674E-06,0.268796781184595,0.303610835876024,0.299992372704199,0.0000015,0.966167659938297,0.00001,0.25,0.3,1.06599619988309,-15.7180315583082,14.6130062817231,,,384237.365204417,-2018.95823952975,575.382033824921,3185,672,ok,
TMO,Period3,best1bin,1.43860905217881E-06,0.982930658033861,6.83441727291774E-06,0.476708267159486,0.301133975139018,0.29999825352834,1.35743605702396E-06,0.986704871944324,9.89203567572693E-06,0.25,0.3,1.13317479742222,-18.242302981047,12.9714787475254,,,1357494.78684792,-1171.35221779514,497.448734283447,3800,389,ok,
TPR,Period1,best1bin,0.0000015,0.960525729884271,0.00001,0.25,0.3,0.1,0.0000015,0.960525729884271,0.00001,0.25,0.3,1.03687495768389,,,,,,,10928.4375534058,3262,296,ok,
TPR,Period2,best1bin,1.38391672125333E-06,0.989791174606152,8.52269497901475E-06,0.400653878548981,0.549349637426711,0.299999235683121,0.0000015,0.98399986561731,3.99644097972342E-06,0.25,0.3,1.20083101389828,-20.0679335998241,16.0768955806727,,,3381962.76936109,-3642.71059319839,1636.2564535141,10188,1363,ok,
TPR,Period3,best1bin,1.4756085898706E-06,0.989745989309137,9.97046911723878E-06,0.393447477210226,0.414323812405264,0.29999458281338,0.0000015,0.957621849184671,0.00001,0.25,0.3,1.14283081088332,-15.4268956393909,13.4389727630218,,,332185.165453262,-400.559884373515,499.560807943344,2376,537,ok,
TXN,Period1,best1bin,1.25211440263406E-06,0.986975896098159,8.27961201478319E-06,0.309247254944892,0.399995082551466,0.299995459944934,0.0000015,0.946607386485231,0.00001,0.25,0.3,1.10894154503526,-20.2016300640253,11.2736156381503,-0.453235184518487,21.0477426681717,3615768.6973688,506.040948680542,618.22158408165,4004,266,ok,
TXN,Period2,best1bin,1.39671479157251E-06,0.98048127799936,5.15000201097776E-06,0.416215601027853,0.308263675334558,0.299996163884024,0.0000015,0.973239096212661,2.21481360503637E-06,0.25,0.3,1.10887576247544,-21.6836440029265,16.1403202373826,,,7586053.10394782,-3209.73638779213,1748.02798581123,14254,1471,ok,
TXN,Period3,best1bin,1.15362401240629E-06,0.988590627973266,7.1502666551112E-06,0.349447607393146,0.370204899999483,0.299999989794212,0.0000015,0.832648628495898,0.00001,0.25,0.3,1.11196975141658,-19.5018034429783,15.4197849565774,-1.12153846367596,27.2286633893251,2548210.02963231,706.815190279405,1214.25026655197,7977,833,ok,
TXT,Period1,best1bin,1.41794177522965E-06,0.989989898510275,9.83894386268805E-06,0.480022978072123,0.577819238474009,0.299997651929385,0.0000015,0.934675526458815,0.00001,0.25,0.3,1.24272970958254,-14.0567728082378,13.5929440447701,-5.03101141585401,16.7347152662898,167441.012512578,4991.56969755245,532.111475467682,1863,278,ok,
TXT,Period2,best1bin,1.02126522975417E-06,0.986691757598506,9.85870693479279E-06,0.402987079177498,0.310722861449978,0.299992929061325,0.0000015,0.977068878066397,9.85331207356862E-06,0.25,0.3,1.11018372678703,-18.2018019215975,13.3858080598383,,,1330281.27233707,-1650.90654714753,755.289058923721,4095,682,ok,
TXT,Period3,best1bin,1.27438425152059E-06,0.988484618674279,9.77772259874384E-06,0.275704754902382,0.322807446630085,0.299995001609691,0.000001,0.969006935231926,0.00001,0.25,0.3,1.07578789774215,-16.0137705049727,7.05985749604615,,,445470.030705408,-459.058205017945,167.168537855148,746,247,ok,
UNH,Period1,best1bin,1.40365931486268E-06,0.981642731921746,9.78242169145763E-06,0.265339959985348,0.44958525890189,0.299998568141306,0.0000015,0.942316941325235,0.00001,0.25,0.3,1.11182491994889,-20.8526391145115,10.995465020234,-2.68804102605194,19.6338296335925,5006860.13613335,1546.91903593339,686.357159614563,4314,305,ok,
UNH,Period2,best1bin,1.24541670099732E-06,0.969406638790508,9.77670617966401E-06,0.253476559540911,0.507020293413054,0.299998316197089,0.0000015,0.968651637694194,1.44823054630249E-06,0.25,0.3,1.12297336370797,-20.6686036784023,18.1897412111741,,,4566701.99942712,-2144.96024666928,2299.6964199543,17530,1675,ok,
UNH,Period3,best1bin,1.49295279497448E-06,0.980031151567194,9.64321320149418E-06,0.4045612809918,0.348751028695585,0.299997066499802,0.0000015,0.820637016314567,0.00001,0.25,0.3,1.11613537182158,-19.9795831228475,16.7145245452762,-2.54252348986085,26.1096730557575,3235815.56705173,1438.36415726346,1681.43632507324,11371,876,ok,
VTRS,Period1,,,,,,,,,,,,,,,,,,,,,,,failed,division by zero
VTRS,Period2,,,,,,,,,,,,,,,,,,,,,,,failed,division by zero
VTRS,Period3,best1bin,1.0663105294889E-06,0.989837437374733,3.76538810034204E-06,0.425735364482032,0.355290120745731,0.299997567522297,0.000001,0.805304759667171,0.00001,0.25,0.3,1.13457473218561,-20.4230112324129,8.69521842176183,-3.34678326433046,20.9374498099472,4038991.60559716,2150.36232927096,388.651752710342,2499,423,ok,
WAT,Period1,best1bin,0.0000015,0.864893353236811,0.00001,0.25,0.3,0.1,0.0000015,0.864893353236811,0.00001,0.25,0.3,0.948968130431926,,,,,,,2549.17229533196,557,205,ok,
WAT,Period2,best1bin,1.23692091008959E-06,0.989898462184496,9.99829593633912E-06,0.25272479347993,0.375934722321136,0.299996814016913,0.000001,0.901113448070362,0.00001,0.25,0.3,1.08862100945318,-13.2133116013105,10.8648883490611,0.123634352031702,23.9205147867739,109826.354349526,379.245147813816,288.070438861847,912,390,ok,
WAT,Period3,best1bin,1.23471133176726E-06,0.989714538691576,9.88030148555901E-06,0.426620233965899,0.470228109401885,0.299992886696003,0.000001,0.99,0.00000001,0.25,0.3,1.17586315832133,-14.0855701055207,3.62074762027141,,,169869.377452563,-299.514810405466,78.9592261314392,255,130,ok,
WFC,Period1,best1bin,1.24245994438518E-06,0.984237389320034,4.89469763698644E-06,0.347808761516166,0.371787380818617,0.29999890456333,0.0000015,0.99,0.00001,0.25,0.3,1.10811553083801,-23.1104868561471,10.7393792031467,,,15482848.6122171,-398.320146547608,920.975386857987,6438,261,ok,
WFC,Period2,best1bin,1.27837653911956E-06,0.964084059243214,9.58704243933734E-06,0.335648522213112,0.452658058195239,0.299999984557083,0.0000015,0.953385351009084,2.20869242762362E-06,0.25,0.3,1.11669929770433,-24.0249439564063,17.5121467963554,,,24458099.2867604,-2915.486525243,3884.23312163353,29954,1750,ok,
WFC,Period3,best1bin,1.01883723123034E-06,0.982155320868344,8.47131103193823E-06,0.460139806129602,0.309128665675565,0.299999291266423,0.0000015,0.840964978861372,0.00001,0.25,0.3,1.12779353053214,-22.7810704054905,17.1894541951082,-3.44866088181256,25.1553978697798,13131640.7809129,2262.73704398088,2634.38202571869,21897,869,ok,
WM,Period1,best1bin,1.34676837803707E-06,0.989622660205175,7.4107822765199E-06,0.391418390356312,0.302157233272606,0.299974946913323,0.0000015,0.99,0.00001,0.25,0.3,1.10628222419796,-16.0154101417076,10.1806647271915,,,445835.384960331,-647.142167513951,246.283613204956,1393,256,ok,
WM,Period2,best1bin,1.14173316834492E-06,0.986272545481819,7.19626335177245E-06,0.251135933847643,0.303874831116672,0.299985043141091,0.0000015,0.935587576261706,0.00001,0.25,0.3,1.06214062358992,-18.5864094184012,13.7357162109867,,,1612352.27201441,-2189.76186619887,557.273459196091,4743,679,ok,
WM,Period3,best1bin,1.29918514948793E-06,0.978416240776265,9.85136436486132E-06,0.407582353065624,0.30609712029388,0.29999964663705,0.000001,0.980474497058174,3.82565850384284E-06,0.25,0.3,1.10323033039172,-17.1223463992517,11.7139735845348,,,775430.160085048,-1173.42346190638,295.910108089447,2362,412,ok,
