S0,m,r,T,corp,alpha,beta,omega,gamma,lambda,sigma,V
247.66590696,0.5503686821333333,0.016871812197802198,368,1,0.0,0.0,0.0,0.0,0.0,0.30480301,5.67499995
247.66590696,0.6191647674,0.016871812197802198,368,0,0.0,0.0,0.0,0.0,0.0,0.31240499,2.9799999
249.37053465,0.7124872418571429,0.016851285494505496,367,0,0.0,0.0,0.0,0.0,0.0,0.34446201,1.655
249.31554666000002,0.5540345481333334,0.016857384615384614,366,1,0.0,0.0,0.0,0.0,0.0,0.29672599,5.7750001
249.31554666000002,0.7123301333142857,0.016857384615384614,366,0,0.0,0.0,0.0,0.0,0.0,0.34629601,1.6800000000000002
249.31554666000002,0.5540345481333334,0.016857384615384614,366,0,0.0,0.0,0.0,0.0,0.0,0.289951,4.75
252.944754,0.5620994533333333,0.016848126043956045,365,0,0.0,0.0,0.0,0.0,0.0,0.28386101,4.45000005
250.1953545,0.5559896766666667,0.016758222857142856,31,1,0.0,0.0,0.0,0.0,0.0,0.34458801,2.1
250.1953545,0.500390709,0.016758222857142856,31,1,0.0,0.0,0.0,0.0,0.0,0.31974801,0.37000000499999997
250.1953545,0.62548838625,0.016758222857142856,31,0,0.0,0.0,0.0,0.0,0.0,0.386237,0.29500000000000004
250.1953545,0.5559896766666667,0.016758222857142856,31,0,0.0,0.0,0.0,0.0,0.0,0.33109501,1.48
250.1953545,0.5559896766666667,0.016673046593406595,360,1,0.0,0.0,0.0,0.0,0.0,0.29672101,5.8499999
250.1953545,0.5559896766666667,0.016673046593406595,360,0,0.0,0.0,0.0,0.0,0.0,0.28392699,4.52499985
245.13645942,0.5447476876,0.016714724285714286,30,1,0.0,0.0,0.0,0.0,0.0,0.349493,1.615
245.13645942,0.49027291884,0.016714724285714286,30,1,0.0,0.0,0.0,0.0,0.0,0.32764599,0.24499999500000003
245.13645942,0.6128411485499999,0.016714724285714286,30,0,0.0,0.0,0.0,0.0,0.0,0.37911701,0.375
245.13645942,0.5447476876,0.016714724285714286,30,0,0.0,0.0,0.0,0.0,0.0,0.327474,1.865
247.9958349,0.5511018553333333,0.016692569285714286,29,1,0.0,0.0,0.0,0.0,0.0,0.35019299,1.80000005
247.9958349,0.49599166980000003,0.016692569285714286,29,1,0.0,0.0,0.0,0.0,0.0,0.32792199,0.28500000999999997
247.9958349,0.61998958725,0.016692569285714286,29,0,0.0,0.0,0.0,0.0,0.0,0.38779399,0.325
247.9958349,0.5511018553333333,0.016692569285714286,29,0,0.0,0.0,0.0,0.0,0.0,0.33957499,1.69
245.7963153,0.546214034,0.016642117857142858,28,1,0.0,0.0,0.0,0.0,0.0,0.36130399,1.67000005
245.7963153,0.4915926306,0.016642117857142858,28,1,0.0,0.0,0.0,0.0,0.0,0.33737999,0.255
245.7963153,0.546214034,0.016642117857142858,28,0,0.0,0.0,0.0,0.0,0.0,0.34894201,1.855
261.96278436,0.52392556872,0.01668964785714286,31,1,0.0,0.0,0.0,0.0,0.0,0.24080899,0.510000005
261.96278436,0.47629597156363634,0.01668964785714286,31,1,0.0,0.0,0.0,0.0,0.0,0.249608,0.0350000005
261.96278436,0.5821395208,0.01668964785714286,31,0,0.0,0.0,0.0,0.0,0.0,0.29180101,0.58000001
259.70827677,0.51941655354,0.016595747142857144,30,1,0.0,0.0,0.0,0.0,0.0,0.242199,0.399999995
259.70827677,0.5771295039333333,0.016595747142857144,30,0,0.0,0.0,0.0,0.0,0.0,0.27419099,0.5850000049999999
259.70827677,0.51941655354,0.016595747142857144,30,0,0.0,0.0,0.0,0.0,0.0,0.227704,3.0749999499999996
261.90779637,0.52381559274,0.016471465,29,1,0.0,0.0,0.0,0.0,0.0,0.24060901,0.47
261.90779637,0.4761959934000001,0.016471465,29,1,0.0,0.0,0.0,0.0,0.0,0.245354,0.0249999994
260.42312064,0.52084624128,0.01642610214285714,28,1,0.0,0.0,0.0,0.0,0.0,0.26174501,0.444999995
260.42312064,0.4734965829818181,0.01642610214285714,28,1,0.0,0.0,0.0,0.0,0.0,0.306923,0.0649999995
260.42312064,0.5787180458666666,0.01642610214285714,28,0,0.0,0.0,0.0,0.0,0.0,0.29486999,0.629999995
148.03575719999998,0.5921430287999999,0.006210575142857143,32,0,0.0,0.0,0.0,0.0,0.0,1.013401,2.23
154.6395828,0.515465276,0.007541757714285715,31,1,0.0,0.0,0.0,0.0,0.0,0.99875498,2.355
154.6395828,0.3436435173333333,0.005802313956043955,185,0,0.0,0.0,0.0,0.0,0.0,-99.989998,17.925
141.92721852,0.6307876378666667,0.007645117857142858,93,0,0.0,0.0,0.0,0.0,0.0,0.95772898,3.34500005
141.92721852,0.56770887408,0.007645117857142858,93,0,0.0,0.0,0.0,0.0,0.0,0.79273802,3.90499995
141.92721852,0.31539381893333335,0.007645117857142858,93,0,0.0,0.0,0.0,0.0,0.0,0.77481699,20.2250005
141.92721852,0.35481804629999997,0.006404251098901099,184,1,0.0,0.0,0.0,0.0,0.0,0.83194399,2.2450000500000002
140.05613459999998,0.5602245383999999,0.008888102051282052,29,1,0.0,0.0,0.0,0.0,0.0,1.155031,3.4999998999999997
140.05613459999998,0.6224717093333333,0.008888102051282052,29,0,0.0,0.0,0.0,0.0,0.0,1.038256,1.55
140.05613459999998,0.3501403364999999,0.008987177142857142,92,1,0.0,0.0,0.0,0.0,0.0,-99.989998,2.4000000005
140.05613459999998,0.31123585466666664,0.008987177142857142,92,1,0.0,0.0,0.0,0.0,0.0,0.67865098,0.224999995
140.05613459999998,0.7002806729999999,0.008987177142857142,92,0,0.0,0.0,0.0,0.0,0.0,1.027681,2.370000005
122.66606051999999,0.3066651513,0.007898578571428571,91,0,0.0,0.0,0.0,0.0,0.0,-99.989998,17.3500005
143.24798364,0.2387466394,0.007197502527472528,177,1,0.0,0.0,0.0,0.0,0.0,0.67579901,0.26499999949999997
151.00747872,0.60402991488,0.008413833333333334,32,1,0.0,0.0,0.0,0.0,0.0,0.84963,4.0
151.00747872,0.5033582624,0.008413833333333334,32,1,0.0,0.0,0.0,0.0,0.0,0.74090302,1.42
151.0625106,0.6042500424,0.0081298675,31,1,0.0,0.0,0.0,0.0,0.0,0.884992,4.0999999
151.0625106,0.503541702,0.0081298675,31,1,0.0,0.0,0.0,0.0,0.0,0.66448599,1.175000005
142.47753732,0.4749251244,0.007609390000000001,30,1,0.0,0.0,0.0,0.0,0.0,0.69567603,0.7450000050000001
142.47753732,0.6332334992,0.007609390000000001,30,0,0.0,0.0,0.0,0.0,0.0,0.91901797,1.1849999
136.09383924,0.4536461308,0.007055300869565217,29,1,0.0,0.0,0.0,0.0,0.0,0.77338803,0.599999995
136.09383924,0.38883954068571425,0.007055300869565217,29,1,0.0,0.0,0.0,0.0,0.0,0.83085299,0.2049999995
152.71346699999998,0.50904489,0.006385204782608695,28,1,0.0,0.0,0.0,0.0,0.0,0.627069,1.075000005
152.71346699999998,0.4363241914285714,0.006385204782608695,28,1,0.0,0.0,0.0,0.0,0.0,0.66181099,0.28
149.63168172,0.59852672688,0.0017631514285714287,32,1,0.0,0.0,0.0,0.0,0.0,0.60482401,3.1499999499999998
149.63168172,0.49877227239999994,0.0017631514285714287,32,1,0.0,0.0,0.0,0.0,0.0,0.50870597,0.659999995
149.63168172,0.59852672688,0.0017631514285714287,32,0,0.0,0.0,0.0,0.0,0.0,0.57129198,0.8799999949999999
149.63168172,0.49877227239999994,0.0017631514285714287,32,0,0.0,0.0,0.0,0.0,0.0,0.48623499,3.42499995
145.77945011999998,0.48593150039999994,0.0017111128571428572,31,1,0.0,0.0,0.0,0.0,0.0,0.49024999,0.409999995
145.77945011999998,0.7288972505999999,0.0017111128571428572,31,0,0.0,0.0,0.0,0.0,0.0,0.75273699,0.24500000500000002
145.77945011999998,0.6479086672,0.0017111128571428572,31,0,0.0,0.0,0.0,0.0,0.0,0.67481101,0.560000005
150.40212803999998,0.5013404267999999,0.0016877557142857143,30,1,0.0,0.0,0.0,0.0,0.0,0.487661,0.595
150.40212803999998,0.37600532009999993,0.0016877557142857143,30,1,0.0,0.0,0.0,0.0,0.0,0.687967,0.0649999995
150.40212803999998,0.6016085121599999,0.0016877557142857143,30,0,0.0,0.0,0.0,0.0,0.0,0.57398301,0.8050000049999999
148.31091659999998,0.5932436663999999,0.0016333085714285713,29,0,0.0,0.0,0.0,0.0,0.0,0.57808101,0.900000005
148.09078908,0.4936359636,0.0016504757142857143,28,1,0.0,0.0,0.0,0.0,0.0,0.50405502,0.47000001
148.09078908,0.4231165402285714,0.0016504757142857143,28,1,0.0,0.0,0.0,0.0,0.0,0.520123,0.0549999985
148.09078908,0.6581812848,0.0016504757142857143,28,0,0.0,0.0,0.0,0.0,0.0,0.64824998,0.38499999
148.09078908,0.59236315632,0.0016504757142857143,28,0,0.0,0.0,0.0,0.0,0.0,0.577721,0.905
186.34564512000003,0.5324161289142858,0.0019750974285714287,32,1,0.0,0.0,0.0,0.0,0.0,0.71436101,2.15999995
186.34564512000003,0.46586411280000006,0.0019750974285714287,32,1,0.0,0.0,0.0,0.0,0.0,0.66728801,0.7049999849999999
186.34564512000003,0.41410143360000007,0.0019750974285714287,32,1,0.0,0.0,0.0,0.0,0.0,0.753048,0.359999994
186.34564512000003,0.6211521504,0.0019750974285714287,32,0,0.0,0.0,0.0,0.0,0.0,0.67831802,1.2000000000000002
186.34564512000003,0.5324161289142858,0.0019750974285714287,32,0,0.0,0.0,0.0,0.0,0.0,0.592296,3.3000000500000004
192.62324664,0.5503521332571428,0.001949581142857143,31,1,0.0,0.0,0.0,0.0,0.0,0.66749299,2.6899999
192.62324664,0.4815581166,0.001949581142857143,31,1,0.0,0.0,0.0,0.0,0.0,0.61514997,0.875
192.62324664,0.4280516592,0.001949581142857143,31,1,0.0,0.0,0.0,0.0,0.0,0.59694803,0.22500000550000002
190.47564612000002,0.4761891153000001,0.0019124234285714287,30,1,0.0,0.0,0.0,0.0,0.0,0.64763099,0.8550000200000001
190.47564612000002,0.6349188204,0.00277001,93,1,0.0,0.0,0.0,0.0,0.0,0.64648902,6.875
190.47564612000002,0.6349188204,0.00277001,93,0,0.0,0.0,0.0,0.0,0.0,0.65911198,2.35
192.78844668,0.4819711167,0.0018445471428571428,29,1,0.0,0.0,0.0,0.0,0.0,0.59018999,0.64999999
192.78844668,0.77115378672,0.0018445471428571428,29,0,0.0,0.0,0.0,0.0,0.0,0.92634201,0.394999995
192.78844668,0.6426281556,0.0018445471428571428,29,0,0.0,0.0,0.0,0.0,0.0,0.790016,1.140000005
192.78844668,0.5508241333714285,0.0018445471428571428,29,0,0.0,0.0,0.0,0.0,0.0,0.58420497,2.5150001
192.78844668,0.5508241333714285,0.002868091318681319,183,0,0.0,0.0,0.0,0.0,0.0,0.57039303,5.5999999
190.03511268,0.6334503756,0.001815126,28,1,0.0,0.0,0.0,0.0,0.0,0.61957902,4.85000005
190.03511268,0.5429574648,0.001815126,28,1,0.0,0.0,0.0,0.0,0.0,0.62248999,1.90499995
190.03511268,0.4750877817,0.001815126,28,1,0.0,0.0,0.0,0.0,0.0,0.66917503,0.70500001
190.03511268,0.6334503756,0.001815126,28,0,0.0,0.0,0.0,0.0,0.0,0.78396797,1.235000035
190.03511268,0.6334503756,0.0027057271428571426,91,1,0.0,0.0,0.0,0.0,0.0,0.63765597,6.72500015
190.03511268,0.4750877817,0.0027057271428571426,91,1,0.0,0.0,0.0,0.0,0.0,0.64649701,2.52000005
187.72231212000003,0.5363494632000001,0.0028431663736263736,179,0,0.0,0.0,0.0,0.0,0.0,0.53786999,5.72500015
187.11657864,0.4158146192,0.0028166262637362638,178,1,0.0,0.0,0.0,0.0,0.0,0.49667001,1.5899999999999999
185.35444488,0.33700808159999995,0.00263322,184,1,0.0,0.0,0.0,0.0,0.0,0.50546098,0.60000001
184.14297792,0.73657191168,0.0026018477777777775,182,0,0.0,0.0,0.0,0.0,0.0,0.58146,1.65
181.66497732000002,0.5190427923428572,0.001767662857142857,32,1,0.0,0.0,0.0,0.0,0.0,0.55091298,1.35
181.66497732000002,0.45416244330000005,0.001767662857142857,32,1,0.0,0.0,0.0,0.0,0.0,0.52899802,0.29999999499999996
181.66497732000002,0.6055499244000001,0.001767662857142857,32,0,0.0,0.0,0.0,0.0,0.0,0.609927,1.075
187.28177868,0.5350907962285715,0.0017374242857142858,31,1,0.0,0.0,0.0,0.0,0.0,0.557926,1.75
187.28177868,0.4682044467,0.0017374242857142858,31,1,0.0,0.0,0.0,0.0,0.0,0.53181601,0.42499999499999996
187.28177868,0.6242725956,0.0017374242857142858,31,0,0.0,0.0,0.0,0.0,0.0,0.59629798,0.77499998
187.28177868,0.6242725956,0.0025227977777777777,178,0,0.0,0.0,0.0,0.0,0.0,0.53807801,3.0249999499999998
189.1540458,0.5404401308571428,0.0017556971428571426,30,1,0.0,0.0,0.0,0.0,0.0,0.55148602,1.875
190.58577948,0.5445307985142858,0.00166244,29,1,0.0,0.0,0.0,0.0,0.0,0.55479401,1.9749999999999999
190.58577948,0.4235239544,0.00166244,29,1,0.0,0.0,0.0,0.0,0.0,0.53728998,0.10000000549999999
190.58577948,0.5445307985142858,0.00166244,29,0,0.0,0.0,0.0,0.0,0.0,0.55495602,2.375
189.1540458,0.5404401308571428,0.0016357485714285714,28,1,0.0,0.0,0.0,0.0,0.0,0.56371599,1.85
189.1540458,0.630513486,0.0016357485714285714,28,0,0.0,0.0,0.0,0.0,0.0,0.61071903,0.650000005
189.1540458,0.5404401308571428,0.0016357485714285714,28,0,0.0,0.0,0.0,0.0,0.0,0.551633,2.4499999499999996
208.37231712000002,0.5953494774857143,0.0016272842857142859,32,1,0.0,0.0,0.0,0.0,0.0,0.471986,3.75
208.37231712000002,0.5209307928000001,0.0016272842857142859,32,1,0.0,0.0,0.0,0.0,0.0,0.40573299,0.97499999
208.37231712000002,0.46304959360000003,0.0016272842857142859,32,1,0.0,0.0,0.0,0.0,0.0,0.43867999,0.22500000999999997
208.37231712000002,0.5953494774857143,0.0016272842857142859,32,0,0.0,0.0,0.0,0.0,0.0,0.43889099,0.799999985
208.37231712000002,0.5209307928000001,0.0016272842857142859,32,0,0.0,0.0,0.0,0.0,0.0,0.39377999,3.1
205.06831632000004,0.5126707908000001,0.0015914414285714286,31,1,0.0,0.0,0.0,0.0,0.0,0.410566,0.75
205.06831632000004,0.4557073696000001,0.0015914414285714286,31,1,0.0,0.0,0.0,0.0,0.0,0.45352599,0.17500000500000001
205.06831632000004,0.5859094752000001,0.0015914414285714286,31,0,0.0,0.0,0.0,0.0,0.0,0.43397599,0.94999999
207.65645028000003,0.5191411257,0.0016545457142857142,30,1,0.0,0.0,0.0,0.0,0.0,0.37880501,0.77499998
207.65645028000003,0.46145877840000005,0.0016545457142857142,30,1,0.0,0.0,0.0,0.0,0.0,0.41686401,0.15000000000000002
207.65645028000003,0.5933041436571429,0.0016545457142857142,30,0,0.0,0.0,0.0,0.0,0.0,0.407428,0.67500001
207.65645028000003,0.5191411257,0.0016545457142857142,30,0,0.0,0.0,0.0,0.0,0.0,0.34438401,2.95
206.05951656000002,0.5887414758857143,0.0017183862857142857,29,1,0.0,0.0,0.0,0.0,0.0,0.440826,3.25
206.05951656000002,0.5151487914,0.0017183862857142857,29,1,0.0,0.0,0.0,0.0,0.0,0.40919,0.775000005
206.05951656000002,0.45791003680000003,0.0017183862857142857,29,1,0.0,0.0,0.0,0.0,0.0,0.42119399,0.1250000005
206.05951656000002,0.5887414758857143,0.0017183862857142857,29,0,0.0,0.0,0.0,0.0,0.0,0.429129,0.80000001
207.05071680000003,0.5176267920000001,0.0016226811428571427,28,1,0.0,0.0,0.0,0.0,0.0,0.359658,0.625
207.05071680000003,0.5915734765714287,0.0016226811428571427,28,0,0.0,0.0,0.0,0.0,0.0,0.41344899,0.67500001
216.68969691,0.541724242275,0.0015737899999999998,32,1,0.0,0.0,0.0,0.0,0.0,0.41956201,1.65
216.68969691,0.541724242275,0.0015737899999999998,32,0,0.0,0.0,0.0,0.0,0.0,0.41098201,2.275
215.25721989000002,0.538143049725,0.0015407650000000001,31,1,0.0,0.0,0.0,0.0,0.0,0.40221301,1.2999999999999998
215.25721989000002,0.538143049725,0.0015407650000000001,31,0,0.0,0.0,0.0,0.0,0.0,0.406432,2.5500000500000004
215.25721989000002,0.538143049725,0.002406200659340659,185,0,0.0,0.0,0.0,0.0,0.0,0.42728701,5.25
218.23236447000002,0.5455809111750001,0.0015207399999999998,30,1,0.0,0.0,0.0,0.0,0.0,0.41775399,1.675
218.23236447000002,0.5455809111750001,0.0015207399999999998,30,0,0.0,0.0,0.0,0.0,0.0,0.41880101,2.15000005
218.23236447000002,0.5455809111750001,0.00229955,184,0,0.0,0.0,0.0,0.0,0.0,0.42821801,5.0
215.47760097,0.538694002425,0.0015608504347826085,29,1,0.0,0.0,0.0,0.0,0.0,0.39528701,1.2999999999999998
215.47760097,0.47883911326666667,0.0015608504347826085,29,1,0.0,0.0,0.0,0.0,0.0,0.39831501,0.22500000999999997
215.47760097,0.86191040388,0.0021439044444444442,92,0,0.0,0.0,0.0,0.0,0.0,0.55576301,0.200000005
215.47760097,0.538694002425,0.0022693395604395606,183,1,0.0,0.0,0.0,0.0,0.0,0.43024001,4.3499999
215.47760097,0.538694002425,0.0022693395604395606,183,0,0.0,0.0,0.0,0.0,0.0,0.430323,5.25
207.43369155,0.518584228875,0.0015301065217391302,28,1,0.0,0.0,0.0,0.0,0.0,0.429252,0.899999995
207.43369155,0.5926676901428571,0.0015301065217391302,28,0,0.0,0.0,0.0,0.0,0.0,0.46351501,0.82500001
207.43369155,0.518584228875,0.0015301065217391302,28,0,0.0,0.0,0.0,0.0,0.0,0.403606,3.15
207.43369155,0.518584228875,0.002240949340659341,182,1,0.0,0.0,0.0,0.0,0.0,0.42486101,3.55
196.52482809000003,0.49131207022500006,0.002265204285714286,179,1,0.0,0.0,0.0,0.0,0.0,0.42779899,2.625
196.13916120000002,0.49034790300000003,0.00229761010989011,178,1,0.0,0.0,0.0,0.0,0.0,0.427912,2.625
200.21621118000002,0.40043242236000004,0.0020718333333333335,92,1,0.0,0.0,0.0,0.0,0.0,0.408831,0.224999995
200.21621118000002,0.5720463176571429,0.0020718333333333335,92,0,0.0,0.0,0.0,0.0,0.0,0.45258099,2.6
195.53311323000003,0.48883278307500005,0.001469487142857143,32,1,0.0,0.0,0.0,0.0,0.0,0.45076501,0.500000015
195.53311323000003,0.5586660378000001,0.001469487142857143,32,0,0.0,0.0,0.0,0.0,0.0,0.48519999,1.7999999999999998
192.72325446,0.5506378698857143,0.0014698900000000002,31,1,0.0,0.0,0.0,0.0,0.0,0.49397299,1.9999999499999999
192.72325446,0.48180813614999995,0.0014698900000000002,31,1,0.0,0.0,0.0,0.0,0.0,0.462787,0.42499999499999996
192.72325446,0.5506378698857143,0.0014698900000000002,31,0,0.0,0.0,0.0,0.0,0.0,0.46543601,1.9
190.24396731000002,0.47560991827500004,0.0014817971428571428,30,1,0.0,0.0,0.0,0.0,0.0,0.459344,0.32500000500000004
190.24396731000002,0.6341465577000001,0.0014817971428571428,30,0,0.0,0.0,0.0,0.0,0.0,0.55379701,0.524999995
192.06211122000002,0.5487488892000001,0.0014659657142857142,29,1,0.0,0.0,0.0,0.0,0.0,0.475485,1.775
192.06211122000002,0.5487488892000001,0.0014659657142857142,29,0,0.0,0.0,0.0,0.0,0.0,0.46646899,1.925
193.88025513,0.5539435860857143,0.0014975385714285714,28,1,0.0,0.0,0.0,0.0,0.0,0.503645,2.05000005
193.88025513,0.5539435860857143,0.0014975385714285714,28,0,0.0,0.0,0.0,0.0,0.0,0.50852698,1.875
252.11595552,0.5602576789333333,0.00148382,32,1,0.0,0.0,0.0,0.0,0.0,0.42622799,2.375
252.11595552,0.50423191104,0.00148382,32,1,0.0,0.0,0.0,0.0,0.0,0.38661399,0.549999985
252.11595552,0.4583926464,0.00148382,32,1,0.0,0.0,0.0,0.0,0.0,0.43725601,0.17500000500000001
251.23443120000002,0.558298736,0.001519921111111111,31,1,0.0,0.0,0.0,0.0,0.0,0.40339199,2.425
251.23443120000002,0.5024688624,0.001519921111111111,31,1,0.0,0.0,0.0,0.0,0.0,0.387622,0.625
251.23443120000002,0.45678987490909095,0.001519921111111111,31,1,0.0,0.0,0.0,0.0,0.0,0.42541099,0.175
253.49333727,0.50698667454,0.0014826433333333332,30,1,0.0,0.0,0.0,0.0,0.0,0.40031099,0.75
253.49333727,0.5633185272666666,0.0014826433333333332,30,0,0.0,0.0,0.0,0.0,0.0,0.386215,1.55
250.40800215000002,0.556462227,0.0014551577777777776,29,1,0.0,0.0,0.0,0.0,0.0,0.39816299,2.25
246.88190487000003,0.5486264552666668,0.0014558122222222223,28,1,0.0,0.0,0.0,0.0,0.0,0.398229,1.8749999499999999
246.88190487000003,0.6172047621750001,0.0014558122222222223,28,0,0.0,0.0,0.0,0.0,0.0,0.434863,0.47500001000000003
257.62251354,0.51524502708,0.0015590860000000001,32,1,0.0,0.0,0.0,0.0,0.0,0.40703401,1.0499999949999999
257.62251354,0.5724944745333334,0.0017071161538461538,186,0,0.0,0.0,0.0,0.0,0.0,0.42359301,4.70000005
264.89811726000005,0.5297962345200001,0.00154608,31,1,0.0,0.0,0.0,0.0,0.0,0.39148,1.35
264.89811726000005,0.5297962345200001,0.0017479416483516482,185,1,0.0,0.0,0.0,0.0,0.0,0.415537,4.8499999
264.89811726000005,0.6622452931500001,0.0017479416483516482,185,0,0.0,0.0,0.0,0.0,0.0,0.454229,2.5
264.89811726000005,0.5886624828000001,0.0017479416483516482,185,0,0.0,0.0,0.0,0.0,0.0,0.433474,4.29999995
257.62251354,0.4684045700727273,0.0018121148571428572,93,1,0.0,0.0,0.0,0.0,0.0,0.394546,1.175
259.00046879,0.5755565973111112,0.0014948108333333334,29,1,0.0,0.0,0.0,0.0,0.0,0.418347,3.25
259.00046879,0.51800093758,0.0014948108333333334,29,1,0.0,0.0,0.0,0.0,0.0,0.39001501,0.92500001
259.00046879,0.5755565973111112,0.0014948108333333334,29,0,0.0,0.0,0.0,0.0,0.0,0.39411399,1.225
259.00046879,0.647501171975,0.0018219631428571428,92,1,0.0,0.0,0.0,0.0,0.0,0.47053301,8.5
261.09496077,0.5802110239333333,0.0014033750000000001,28,1,0.0,0.0,0.0,0.0,0.0,0.414258,3.4499999499999996
261.09496077,0.52218992154,0.0014033750000000001,28,1,0.0,0.0,0.0,0.0,0.0,0.38257101,0.97500001
261.09496077,1.04437984308,0.0017489805494505495,364,0,0.0,0.0,0.0,0.0,0.0,0.52109998,0.924999995
259.71700552,0.5771489011555555,0.0017730791208791208,179,0,0.0,0.0,0.0,0.0,0.0,0.42898601,4.5
272.11860277,0.54423720554,0.0013149177777777776,31,1,0.0,0.0,0.0,0.0,0.0,0.415629,2.1
272.11860277,0.49476109594545453,0.0013149177777777776,31,1,0.0,0.0,0.0,0.0,0.0,0.40467101,0.599999995
272.11860277,0.6047080061555555,0.0013149177777777776,31,0,0.0,0.0,0.0,0.0,0.0,0.439161,0.82499999
273.55167623000006,0.5471033524600001,0.001301391111111111,30,1,0.0,0.0,0.0,0.0,0.0,0.42642099,2.25
273.55167623000006,0.49736668405454554,0.001301391111111111,30,1,0.0,0.0,0.0,0.0,0.0,0.398332,0.599999995
270.96112036,0.54192224072,0.0012909688888888887,29,1,0.0,0.0,0.0,0.0,0.0,0.43427601,2.0249999499999998
270.96112036,0.49265658247272726,0.0012909688888888887,29,1,0.0,0.0,0.0,0.0,0.0,0.408925,0.525000005
270.96112036,0.6021358230222222,0.0012909688888888887,29,0,0.0,0.0,0.0,0.0,0.0,0.43673301,0.80000001
274.10285833,0.54820571666,0.0012422788888888888,28,1,0.0,0.0,0.0,0.0,0.0,0.42771101,2.2249999
274.10285833,0.4983688333272727,0.0012422788888888888,28,1,0.0,0.0,0.0,0.0,0.0,0.40713999,0.599999995
274.10285833,0.4568380972166667,0.0012422788888888888,28,1,0.0,0.0,0.0,0.0,0.0,0.46409199,0.225
274.10285833,0.6091174629555556,0.0012422788888888888,28,0,0.0,0.0,0.0,0.0,0.0,0.455349,0.724999995
282.7564173,0.7068910432500001,0.00113121,31,1,0.0,0.0,0.0,0.0,0.0,0.57711899,11.45
282.7564173,0.4712606955,0.00113121,31,1,0.0,0.0,0.0,0.0,0.0,0.35417801,0.1500000005
279.89027038,0.69972567595,0.0011341717142857144,30,1,0.0,0.0,0.0,0.0,0.0,0.61723799,11.100000000000001
270.24458363,0.6756114590750001,0.0011203397142857145,29,1,0.0,0.0,0.0,0.0,0.0,0.51073903,9.25
280.05562501,0.5601112500200001,0.0011512500000000001,28,1,0.0,0.0,0.0,0.0,0.0,0.39022699,2.42499995
280.05562501,0.5091920454727273,0.0011512500000000001,28,1,0.0,0.0,0.0,0.0,0.0,0.35665801,0.55000001
280.05562501,0.6223458333555556,0.0011512500000000001,28,0,0.0,0.0,0.0,0.0,0.0,0.38661799,0.375
304.9182276,0.508197046,0.001100185,32,1,0.0,0.0,0.0,0.0,0.0,0.34452301,0.625
304.9182276,0.6098364552000001,0.001100185,32,0,0.0,0.0,0.0,0.0,0.0,0.3515,0.55000001
304.9182276,0.5543967774545455,0.0016430170329670328,186,1,0.0,0.0,0.0,0.0,0.0,0.39459199,6.29999995
297.25391772,0.5404616685818182,0.00109627,31,1,0.0,0.0,0.0,0.0,0.0,0.37513101,1.65
297.25391772,0.4954231962,0.00109627,31,1,0.0,0.0,0.0,0.0,0.0,0.33999199,0.32500000500000004
297.25391772,0.5404616685818182,0.00109627,31,0,0.0,0.0,0.0,0.0,0.0,0.262016,2.625
297.25391772,0.5404616685818182,0.0016673653846153845,185,1,0.0,0.0,0.0,0.0,0.0,0.384249,5.39999985
305.63503356,0.5557000610181818,0.0011086791666666666,30,1,0.0,0.0,0.0,0.0,0.0,0.35718101,2.4250000500000004
305.63503356,0.5093917226,0.0011086791666666666,30,1,0.0,0.0,0.0,0.0,0.0,0.320654,0.55000001
305.63503356,0.5557000610181818,0.0011086791666666666,30,0,0.0,0.0,0.0,0.0,0.0,0.33427599,1.95
305.63503356,0.5093917226,0.0014805865714285712,93,1,0.0,0.0,0.0,0.0,0.0,0.36257899,2.2750001
305.19392220000003,0.6103878444,0.0010996516666666666,29,1,0.0,0.0,0.0,0.0,0.0,0.260288,5.5
305.19392220000003,0.5548980403636364,0.0010996516666666666,29,1,0.0,0.0,0.0,0.0,0.0,0.37786499,2.5250001
305.19392220000003,0.508656537,0.0010996516666666666,29,1,0.0,0.0,0.0,0.0,0.0,0.35258201,0.674999985
305.19392220000003,0.6103878444,0.0010996516666666666,29,0,0.0,0.0,0.0,0.0,0.0,0.43265501,0.7250000050000001
305.19392220000003,0.6103878444,0.0015074665714285712,92,1,0.0,0.0,0.0,0.0,0.0,0.435473,7.74999975
305.19392220000003,0.5548980403636364,0.0016164618681318683,183,1,0.0,0.0,0.0,0.0,0.0,0.38732699,6.20000005
305.19392220000003,0.46952911107692313,0.0016164618681318683,183,1,0.0,0.0,0.0,0.0,0.0,0.37295601,2.625
304.97336652,0.5544970300363636,0.0010644225,28,1,0.0,0.0,0.0,0.0,0.0,0.40669101,2.4000001
304.97336652,0.5082889442,0.0010644225,28,1,0.0,0.0,0.0,0.0,0.0,0.36174801,0.57499999
304.97336652,0.5544970300363636,0.0010644225,28,0,0.0,0.0,0.0,0.0,0.0,0.27353701,1.775
304.97336652,0.5544970300363636,0.001498652857142857,91,1,0.0,0.0,0.0,0.0,0.0,0.400684,4.3499999
304.97336652,0.40663115536,0.001498652857142857,91,1,0.0,0.0,0.0,0.0,0.0,0.353744,0.174999995
304.97336652,0.5544970300363636,0.00161192967032967,182,1,0.0,0.0,0.0,0.0,0.0,0.39311701,6.25
287.71488456000003,0.5231179719272728,0.0016476287912087911,178,1,0.0,0.0,0.0,0.0,0.0,0.379296,4.3499999
289.86530244,0.5270278226181818,0.0016512850549450547,177,1,0.0,0.0,0.0,0.0,0.0,0.37784499,4.39999985
325.65046152,0.5920917482181819,0.0011817585714285713,32,1,0.0,0.0,0.0,0.0,0.0,0.40979499,5.04999995
325.65046152,0.5427507692,0.0011817585714285713,32,1,0.0,0.0,0.0,0.0,0.0,0.36052001,1.94999995
325.65046152,0.5010007100307693,0.0011817585714285713,32,1,0.0,0.0,0.0,0.0,0.0,0.34908199,0.55
321.01879224,0.5350313204,0.0011217414285714287,31,0,0.0,0.0,0.0,0.0,0.0,0.36989301,3.6
326.42240640000006,0.5440373440000001,0.0011285185714285714,30,1,0.0,0.0,0.0,0.0,0.0,0.37873,2.025
376.54368468000007,0.5379195495428573,0.0009882948571428571,32,1,0.0,0.0,0.0,0.0,0.0,0.30533499,1.725
366.01215096,0.5228745013714285,0.0009943882857142857,31,1,0.0,0.0,0.0,0.0,0.0,0.30064201,0.950000005
366.01215096,0.48801620128,0.0009943882857142857,31,1,0.0,0.0,0.0,0.0,0.0,0.31968901,0.274999995
366.67381800000004,0.5238197400000001,0.000957448,30,1,0.0,0.0,0.0,0.0,0.0,0.302055,0.97499999
370.36812564,0.5697971163692308,0.0009017331428571429,29,1,0.0,0.0,0.0,0.0,0.0,0.29631901,3.35
370.36812564,0.5697971163692308,0.0009017331428571429,29,0,0.0,0.0,0.0,0.0,0.0,0.28898901,1.2999999999999998
367.28034612,0.5650466863384616,0.0008853834285714285,28,1,0.0,0.0,0.0,0.0,0.0,0.28601101,2.9749999
367.28034612,0.5650466863384616,0.0008853834285714285,28,0,0.0,0.0,0.0,0.0,0.0,0.28557,1.375
367.28034612,0.5246862087428571,0.0008853834285714285,28,0,0.0,0.0,0.0,0.0,0.0,0.26558599,4.1500001
370.36642935000003,0.6172773822500001,0.000774952,32,1,0.0,0.0,0.0,0.0,0.0,0.36198401,7.5999999
370.36642935000003,0.5697945066923077,0.000774952,32,1,0.0,0.0,0.0,0.0,0.0,0.29797199,3.5
370.36642935000003,0.4938219058,0.000774952,32,1,0.0,0.0,0.0,0.0,0.0,0.303574,0.324999995
370.36642935000003,0.5290948990714286,0.000774952,32,0,0.0,0.0,0.0,0.0,0.0,0.25276101,3.85
370.36642935000003,0.5290948990714286,0.0012630337362637364,186,1,0.0,0.0,0.0,0.0,0.0,0.32432699,5.0
378.86031320999996,0.63143385535,0.00083774,31,1,0.0,0.0,0.0,0.0,0.0,0.372798,9.0499997
378.86031320999996,0.5828620203230769,0.00083774,31,1,0.0,0.0,0.0,0.0,0.0,0.29548001,4.5999999
378.86031320999996,0.50514708428,0.00083774,31,1,0.0,0.0,0.0,0.0,0.0,0.25845399,0.32500000500000004
378.86031320999996,0.63143385535,0.00083774,31,0,0.0,0.0,0.0,0.0,0.0,0.35596201,0.3
378.86031320999996,0.50514708428,0.0012731468131868132,185,1,0.0,0.0,0.0,0.0,0.0,0.30446401,3.5500000500000004
374.00666529,0.62334444215,0.00083643,30,1,0.0,0.0,0.0,0.0,0.0,0.422429,8.4000001
374.00666529,0.5342952361285714,0.00083643,30,1,0.0,0.0,0.0,0.0,0.0,0.25402799,1.07499999
374.00666529,0.5753948696769231,0.00083643,30,0,0.0,0.0,0.0,0.0,0.0,0.249081,0.825000005
361.87254549,0.6579500827090909,0.0009396208695652174,29,1,0.0,0.0,0.0,0.0,0.0,0.605129,11.399999999999999
361.87254549,0.6031209091499999,0.0009396208695652174,29,1,0.0,0.0,0.0,0.0,0.0,0.33537701,6.1500001
361.87254549,0.5567269930615385,0.0009396208695652174,29,1,0.0,0.0,0.0,0.0,0.0,0.26354501,2.25
361.87254549,0.5169607792714286,0.0009396208695652174,29,1,0.0,0.0,0.0,0.0,0.0,0.25771299,0.5
361.87254549,0.5567269930615385,0.0009396208695652174,29,0,0.0,0.0,0.0,0.0,0.0,0.26363301,1.65
361.87254549,0.4523406818625,0.0013361685714285711,183,1,0.0,0.0,0.0,0.0,0.0,0.29813299,1.4249999999999998
352.11009456,0.6402001719272727,0.0009183095652173913,28,1,0.0,0.0,0.0,0.0,0.0,0.28767499,8.9000001
352.11009456,0.5868501576,0.0009183095652173913,28,1,0.0,0.0,0.0,0.0,0.0,0.32438201,4.64999985
352.11009456,0.5417078377846154,0.0009183095652173913,28,1,0.0,0.0,0.0,0.0,0.0,0.30983999,1.67499995
352.11009456,0.5030144208,0.0009183095652173913,28,1,0.0,0.0,0.0,0.0,0.0,0.312199,0.42500001
352.11009456,0.5417078377846154,0.0009183095652173913,28,0,0.0,0.0,0.0,0.0,0.0,0.269375,2.54999995
361.76223531,0.5168031933,0.0013364239560439562,178,1,0.0,0.0,0.0,0.0,0.0,0.30989701,3.89999995
350.51059695,0.6372919944545454,0.0009017200000000001,32,1,0.0,0.0,0.0,0.0,0.0,0.45288,9.0999999
350.51059695,0.58418432825,0.0009017200000000001,32,1,0.0,0.0,0.0,0.0,0.0,0.39024401,4.95000005
350.51059695,0.5392470722307692,0.0009017200000000001,32,1,0.0,0.0,0.0,0.0,0.0,0.34544,1.95
350.51059695,0.5007294242142857,0.0009017200000000001,32,1,0.0,0.0,0.0,0.0,0.0,0.340354,0.599999995
369.9251886299999,0.6725912520545453,0.0009339814285714284,31,1,0.0,0.0,0.0,0.0,0.0,0.53655201,12.5
369.9251886299999,0.5691156748153845,0.0009339814285714284,31,1,0.0,0.0,0.0,0.0,0.0,0.360764,3.89999995
369.9251886299999,0.5284645551857142,0.0009339814285714284,31,1,0.0,0.0,0.0,0.0,0.0,0.34670499,1.525
369.9251886299999,0.4932335848399999,0.0009339814285714284,31,1,0.0,0.0,0.0,0.0,0.0,0.345768,0.47500001000000003
378.69484794,0.6885360871636363,0.0009156828571428571,30,1,0.0,0.0,0.0,0.0,0.0,0.52429199,13.85
378.69484794,0.5826074583692308,0.0009156828571428571,30,1,0.0,0.0,0.0,0.0,0.0,0.373741,4.95000005
378.69484794,0.5409926399142857,0.0009156828571428571,30,1,0.0,0.0,0.0,0.0,0.0,0.33868301,1.9999999499999999
378.69484794,0.50492646392,0.0009156828571428571,30,1,0.0,0.0,0.0,0.0,0.0,0.32308,0.57499999
378.69484794,0.5826074583692308,0.0009156828571428571,30,0,0.0,0.0,0.0,0.0,0.0,0.36780301,1.4
375.93709343999996,0.5370529906285714,0.0009309271428571428,29,1,0.0,0.0,0.0,0.0,0.0,0.330946,1.75
375.93709343999996,0.50124945792,0.0009309271428571428,29,1,0.0,0.0,0.0,0.0,0.0,0.32506999,0.5
375.93709343999996,0.5783647591384614,0.0009309271428571428,29,0,0.0,0.0,0.0,0.0,0.0,0.35532099,1.375
375.22007727,0.9380501931749999,0.00090072,28,0,0.0,0.0,0.0,0.0,0.0,0.84824002,0.05
375.22007727,0.5772616573384616,0.00090072,28,0,0.0,0.0,0.0,0.0,0.0,0.35249501,1.35
405.88630731,0.6244404727846153,0.0009197234285714286,32,1,0.0,0.0,0.0,0.0,0.0,0.35709399,9.0
405.88630731,0.5798375818714285,0.0009197234285714286,32,1,0.0,0.0,0.0,0.0,0.0,0.29886201,4.70000005
405.88630731,0.54118174308,0.0009197234285714286,32,1,0.0,0.0,0.0,0.0,0.0,0.285851,1.85
405.88630731,0.7379751042,0.0009197234285714286,32,0,0.0,0.0,0.0,0.0,0.0,0.510584,0.10000000549999999
405.88630731,0.5798375818714285,0.0009197234285714286,32,0,0.0,0.0,0.0,0.0,0.0,0.31003001,1.225
405.88630731,0.54118174308,0.0009197234285714286,32,0,0.0,0.0,0.0,0.0,0.0,0.28598499,3.3000000500000004
397.94397435,0.612221499,0.0009044577142857143,31,1,0.0,0.0,0.0,0.0,0.0,0.36983699,7.75
397.94397435,0.5684913919285715,0.0009044577142857143,31,1,0.0,0.0,0.0,0.0,0.0,0.30606401,3.6999999499999996
397.94397435,0.5305919658,0.0009044577142857143,31,1,0.0,0.0,0.0,0.0,0.0,0.28887901,1.275
397.94397435,0.49742996793750005,0.0009044577142857143,31,1,0.0,0.0,0.0,0.0,0.0,0.28152201,0.29999999499999996
397.94397435,0.5305919658,0.0009044577142857143,31,0,0.0,0.0,0.0,0.0,0.0,0.287471,4.20000005
393.91765277999997,0.6060271581230768,0.0009173548571428572,30,1,0.0,0.0,0.0,0.0,0.0,0.35934901,7.10000015
393.91765277999997,0.5627395039714286,0.0009173548571428572,30,1,0.0,0.0,0.0,0.0,0.0,0.27837101,3.0250001
393.91765277999997,0.5252235370399999,0.0009173548571428572,30,1,0.0,0.0,0.0,0.0,0.0,0.276858,0.95
393.91765277999997,0.49239706597499994,0.0009173548571428572,30,1,0.0,0.0,0.0,0.0,0.0,0.28321201,0.22500000999999997
393.91765277999997,0.5627395039714286,0.0009173548571428572,30,0,0.0,0.0,0.0,0.0,0.0,0.29847601,1.775
385.20314856,0.5926202285538461,0.0009169085714285715,29,1,0.0,0.0,0.0,0.0,0.0,0.369077,5.8499999
385.20314856,0.5502902122285714,0.0009169085714285715,29,1,0.0,0.0,0.0,0.0,0.0,0.322595,2.4499999499999996
385.20314856,0.51360419808,0.0009169085714285715,29,1,0.0,0.0,0.0,0.0,0.0,0.31669101,0.775000005
385.20314856,0.5926202285538461,0.0009169085714285715,29,0,0.0,0.0,0.0,0.0,0.0,0.35716799,0.95000001
391.38051863999993,0.6021238748307691,0.000890682,28,1,0.0,0.0,0.0,0.0,0.0,0.38507301,6.70000005
391.38051863999993,0.5591150266285714,0.000890682,28,1,0.0,0.0,0.0,0.0,0.0,0.37246701,3.32500005
391.38051863999993,0.5218406915199999,0.000890682,28,1,0.0,0.0,0.0,0.0,0.0,0.28378299,0.775000005
391.38051863999993,0.6021238748307691,0.000890682,28,0,0.0,0.0,0.0,0.0,0.0,0.35336801,0.700000015
390.99368785,0.7819873757,0.0008594000000000001,32,1,0.0,0.0,0.0,0.0,0.0,0.74833697,21.1499995
390.99368785,0.6516561464166667,0.0008594000000000001,32,1,0.0,0.0,0.0,0.0,0.0,0.415335,11.15
390.99368785,0.6015287505384616,0.0008594000000000001,32,1,0.0,0.0,0.0,0.0,0.0,0.34655601,6.5999999
390.99368785,0.5213249171333334,0.0008594000000000001,32,1,0.0,0.0,0.0,0.0,0.0,0.276905,0.849999995
390.99368785,0.6015287505384616,0.0008594000000000001,32,0,0.0,0.0,0.0,0.0,0.0,0.34413099,0.775000005
390.99368785,0.5585624112142857,0.0008594000000000001,32,0,0.0,0.0,0.0,0.0,0.0,0.29826799,2.1
390.99368785,0.6015287505384616,0.0013627525274725275,186,1,0.0,0.0,0.0,0.0,0.0,0.34762701,9.899999900000001
390.99368785,0.4887421098125,0.0013627525274725275,186,1,0.0,0.0,0.0,0.0,0.0,0.287893,2.5749999499999996
390.99368785,0.6516561464166667,0.0013627525274725275,186,0,0.0,0.0,0.0,0.0,0.0,0.354678,2.575
385.3111212,0.7706222424,0.000861945,31,1,0.0,0.0,0.0,0.0,0.0,0.93706,20.6999995
385.3111212,0.5927863403076923,0.000861945,31,1,0.0,0.0,0.0,0.0,0.0,0.32187501,5.6500001
385.3111212,0.5504444588571429,0.000861945,31,1,0.0,0.0,0.0,0.0,0.0,0.289361,2.275
385.3111212,0.5927863403076923,0.000861945,31,0,0.0,0.0,0.0,0.0,0.0,0.34205601,0.92500001
385.3111212,0.5504444588571429,0.000861945,31,0,0.0,0.0,0.0,0.0,0.0,0.26718199,2.24999995
385.3111212,0.5137481616,0.0013574678021978023,185,1,0.0,0.0,0.0,0.0,0.0,0.32209399,4.3499999
385.3111212,0.642185202,0.0013574678021978023,185,0,0.0,0.0,0.0,0.0,0.0,0.360535,2.8249999499999996
388.73169529999996,0.5980487619999999,0.00085295,30,1,0.0,0.0,0.0,0.0,0.0,0.35740599,6.25
388.73169529999996,0.5553309932857142,0.00085295,30,1,0.0,0.0,0.0,0.0,0.0,0.29078901,2.5249999499999998
388.73169529999996,0.48591461912499995,0.00085295,30,1,0.0,0.0,0.0,0.0,0.0,0.283977,0.15000000000000002
388.73169529999996,0.5980487619999999,0.00085295,30,0,0.0,0.0,0.0,0.0,0.0,0.34024301,0.775000005
388.73169529999996,0.6478861588333332,0.0012182233333333334,93,1,0.0,0.0,0.0,0.0,0.0,0.36274299,11.65
388.73169529999996,0.5980487619999999,0.0012182233333333334,93,1,0.0,0.0,0.0,0.0,0.0,0.33061099,7.70000005
388.73169529999996,0.5553309932857142,0.0012182233333333334,93,1,0.0,0.0,0.0,0.0,0.0,0.31543601,4.6500001
388.73169529999996,0.5183089270666666,0.0012182233333333334,93,0,0.0,0.0,0.0,0.0,0.0,0.293962,7.0
378.63548464999997,0.5409078352142856,0.0008800604347826087,29,1,0.0,0.0,0.0,0.0,0.0,0.29430601,1.675
378.63548464999997,0.5409078352142856,0.0008800604347826087,29,0,0.0,0.0,0.0,0.0,0.0,0.28897101,3.0
378.63548464999997,0.6310591410833333,0.0012648944444444443,92,1,0.0,0.0,0.0,0.0,0.0,0.37828401,10.25
378.63548464999997,0.5825161302307692,0.0012648944444444443,92,1,0.0,0.0,0.0,0.0,0.0,0.34373599,6.54999995
378.63548464999997,0.47329435581249996,0.0012648944444444443,92,1,0.0,0.0,0.0,0.0,0.0,0.29455,0.82499999
377.69758529999996,0.7553951705999999,0.0008376499999999999,28,1,0.0,0.0,0.0,0.0,0.0,-99.989998,18.1500005
377.69758529999996,0.6294959754999999,0.0008376499999999999,28,1,0.0,0.0,0.0,0.0,0.0,-99.989998,8.29999995
377.69758529999996,0.5810732081538461,0.0008376499999999999,28,1,0.0,0.0,0.0,0.0,0.0,0.34593701,4.54999995
377.69758529999996,0.539567979,0.0008376499999999999,28,1,0.0,0.0,0.0,0.0,0.0,0.30044901,1.55
377.69758529999996,0.6294959754999999,0.0008376499999999999,28,0,0.0,0.0,0.0,0.0,0.0,0.40743801,0.44999999
377.69758529999996,0.5810732081538461,0.0008376499999999999,28,0,0.0,0.0,0.0,0.0,0.0,0.32563999,1.1
377.69758529999996,0.539567979,0.0008376499999999999,28,0,0.0,0.0,0.0,0.0,0.0,0.28052601,3.1
377.69758529999996,0.6867228823636363,0.001254591111111111,91,1,0.0,0.0,0.0,0.0,0.0,0.51131999,15.0500005
377.69758529999996,0.6294959754999999,0.001254591111111111,91,1,0.0,0.0,0.0,0.0,0.0,0.38400999,10.1500001
377.69758529999996,0.5810732081538461,0.001254591111111111,91,1,0.0,0.0,0.0,0.0,0.0,0.33084401,6.25
377.69758529999996,0.47212198162499996,0.001254591111111111,91,1,0.0,0.0,0.0,0.0,0.0,0.29354501,0.775000005
384.3180513,0.48039756412499995,0.0014575787912087911,177,1,0.0,0.0,0.0,0.0,0.0,0.30182001,2.25
403.90359655,0.5770051379285714,0.0009065257142857143,32,1,0.0,0.0,0.0,0.0,0.0,0.35062101,4.75
403.90359655,0.5385381287333333,0.0009065257142857143,32,1,0.0,0.0,0.0,0.0,0.0,0.318773,1.9249999999999998
403.90359655,0.5048794956875,0.0009065257142857143,32,1,0.0,0.0,0.0,0.0,0.0,0.31507599,0.625
403.90359655,0.6731726609166666,0.0009065257142857143,32,0,0.0,0.0,0.0,0.0,0.0,0.43124101,0.224999995
403.90359655,0.6213901485384615,0.0009065257142857143,32,0,0.0,0.0,0.0,0.0,0.0,0.39032599,0.650000005
403.90359655,0.5385381287333333,0.0009065257142857143,32,0,0.0,0.0,0.0,0.0,0.0,0.31052601,3.8000000500000004
404.62081370000004,0.5394944182666668,0.0009065442857142858,31,1,0.0,0.0,0.0,0.0,0.0,0.31557801,1.95
404.62081370000004,0.6224935595384616,0.0009065442857142858,31,0,0.0,0.0,0.0,0.0,0.0,0.39833301,0.625
410.79991529999995,0.5477332203999999,0.0008917214285714286,30,1,0.0,0.0,0.0,0.0,0.0,0.32027,2.35
410.79991529999995,0.513499894125,0.0008917214285714286,30,1,0.0,0.0,0.0,0.0,0.0,0.30537501,0.724999995
413.0067373,0.516258421625,0.0009156442857142857,29,1,0.0,0.0,0.0,0.0,0.0,0.25149199,0.4749999905
411.6826441,0.5489101921333334,0.0009049471428571428,28,1,0.0,0.0,0.0,0.0,0.0,0.330778,2.5500000500000004
411.6826441,0.514603305125,0.0009049471428571428,28,1,0.0,0.0,0.0,0.0,0.0,0.34419,0.999999995
411.6826441,0.588118063,0.0009049471428571428,28,0,0.0,0.0,0.0,0.0,0.0,0.354684,1.0999999900000001
422.44090135,0.7040681689166667,0.0009837,32,1,0.0,0.0,0.0,0.0,0.0,-99.989998,16.5500005
422.44090135,0.649909079,0.0009837,32,1,0.0,0.0,0.0,0.0,0.0,0.36030099,11.7
422.44090135,0.6034870019285714,0.0009837,32,1,0.0,0.0,0.0,0.0,0.0,0.32501701,7.1500001
422.44090135,0.5632545351333333,0.0009837,32,1,0.0,0.0,0.0,0.0,0.0,0.30369201,3.5
422.44090135,0.49698929570588235,0.0009837,32,1,0.0,0.0,0.0,0.0,0.0,0.26993001,0.274999995
422.44090135,0.5632545351333333,0.0009837,32,0,0.0,0.0,0.0,0.0,0.0,0.302266,2.05000005
417.80657515,0.6963442919166667,0.0009610100000000001,31,1,0.0,0.0,0.0,0.0,0.0,0.464674,15.85
417.80657515,0.6427793463846154,0.0009610100000000001,31,1,0.0,0.0,0.0,0.0,0.0,0.400637,11.05
417.80657515,0.5968665359285714,0.0009610100000000001,31,1,0.0,0.0,0.0,0.0,0.0,0.33877701,6.54999995
417.80657515,0.5222582189375,0.0009610100000000001,31,1,0.0,0.0,0.0,0.0,0.0,0.2827,0.94999999
417.80657515,0.5968665359285714,0.0009610100000000001,31,0,0.0,0.0,0.0,0.0,0.0,0.32083601,0.775000005
417.80657515,0.5570754335333333,0.0009610100000000001,31,0,0.0,0.0,0.0,0.0,0.0,0.29546601,2.2749999499999998
416.09628810000004,0.5547950508,0.0009539555555555555,30,1,0.0,0.0,0.0,0.0,0.0,0.30825001,2.7749999499999998
416.09628810000004,0.5201203601250001,0.0009539555555555555,30,1,0.0,0.0,0.0,0.0,0.0,0.288102,0.849999995
416.09628810000004,0.6401481355384616,0.0009539555555555555,30,0,0.0,0.0,0.0,0.0,0.0,0.349264,0.22500000999999997
415.15838875000003,0.5930834125000001,0.0009747566666666665,29,1,0.0,0.0,0.0,0.0,0.0,0.30736899,5.89999985
415.15838875000003,0.5535445183333334,0.0009747566666666665,29,1,0.0,0.0,0.0,0.0,0.0,0.30135101,2.625
415.15838875000003,0.5189479859375,0.0009747566666666665,29,1,0.0,0.0,0.0,0.0,0.0,0.28450301,0.775000005
415.15838875000003,0.48842163382352943,0.0009747566666666665,29,1,0.0,0.0,0.0,0.0,0.0,0.27586901,0.15000000000000002
415.15838875000003,0.5535445183333334,0.0009747566666666665,29,0,0.0,0.0,0.0,0.0,0.0,0.2753,2.25
415.65492370000004,0.6927582061666667,0.0009897322222222223,28,1,0.0,0.0,0.0,0.0,0.0,0.53311801,15.600000000000001
415.65492370000004,0.6394691133846154,0.0009897322222222223,28,1,0.0,0.0,0.0,0.0,0.0,0.41103199,10.7
415.65492370000004,0.5937927481428572,0.0009897322222222223,28,1,0.0,0.0,0.0,0.0,0.0,0.33432901,6.1500001
415.65492370000004,0.5542065649333334,0.0009897322222222223,28,1,0.0,0.0,0.0,0.0,0.0,0.30200601,2.67499995
415.65492370000004,0.519568654625,0.0009897322222222223,28,1,0.0,0.0,0.0,0.0,0.0,0.287175,0.799999985
415.65492370000004,0.5937927481428572,0.0009897322222222223,28,0,0.0,0.0,0.0,0.0,0.0,0.31350899,0.700000015
415.65492370000004,0.5542065649333334,0.0009897322222222223,28,0,0.0,0.0,0.0,0.0,0.0,0.284134,2.1999999499999996
403.62572304,0.6209626508307693,0.005681117472527472,185,0,0.0,0.0,0.0,0.0,0.0,0.33699101,3.25
414.71798040000004,0.5529573072,0.00549744,93,1,0.0,0.0,0.0,0.0,0.0,0.320485,4.89999995
414.71798040000004,0.4879035063529412,0.00549744,93,0,0.0,0.0,0.0,0.0,0.0,0.306512,11.350000000000001
398.714226,0.6134065015384615,0.005542979333333333,32,1,0.0,0.0,0.0,0.0,0.0,0.54016602,8.8499999
398.714226,0.5695917514285714,0.005542979333333333,32,1,0.0,0.0,0.0,0.0,0.0,0.388309,4.4499998
398.714226,0.531618968,0.005542979333333333,32,1,0.0,0.0,0.0,0.0,0.0,0.321852,1.6
398.714226,0.4983927825,0.005542979333333333,32,1,0.0,0.0,0.0,0.0,0.0,0.30900201,0.45000000500000004
398.714226,0.5695917514285714,0.005542979333333333,32,0,0.0,0.0,0.0,0.0,0.0,0.34230599,1.92499995
414.00057072,0.55200076096,0.0055909946666666665,31,1,0.0,0.0,0.0,0.0,0.0,0.317368,2.625
414.00057072,0.5175007134,0.0055909946666666665,31,1,0.0,0.0,0.0,0.0,0.0,0.27504599,0.67500001
414.00057072,0.6900009511999999,0.0055909946666666665,31,0,0.0,0.0,0.0,0.0,0.0,0.451087,0.175
414.00057072,0.55200076096,0.0055909946666666665,31,0,0.0,0.0,0.0,0.0,0.0,0.25983599,2.42499995
413.8902,0.5518535999999999,0.00568933,30,1,0.0,0.0,0.0,0.0,0.0,0.25165999,2.0
413.8902,0.51736275,0.00568933,30,1,0.0,0.0,0.0,0.0,0.0,0.28106701,0.67500001
413.8902,0.6367541538461539,0.00568933,30,0,0.0,0.0,0.0,0.0,0.0,0.35972899,0.29999999499999996
418.91206776,0.55854942368,0.005596524,29,1,0.0,0.0,0.0,0.0,0.0,0.210906,2.3
418.91206776,0.5236400847,0.005596524,29,1,0.0,0.0,0.0,0.0,0.0,0.233253,0.625
415.04909255999996,0.5533987900799999,0.005004603333333333,31,1,0.0,0.0,0.0,0.0,0.0,0.38464901,3.35
415.04909255999996,0.5188113657,0.005004603333333333,31,1,0.0,0.0,0.0,0.0,0.0,0.34554499,1.225
412.84167816,0.55045557088,0.0049742599999999994,30,1,0.0,0.0,0.0,0.0,0.0,0.37714699,3.15
404.17757664,0.5052219708,0.0049082815,29,1,0.0,0.0,0.0,0.0,0.0,0.34876201,0.75
395.18236296,0.5645462327999999,0.00496391,28,0,0.0,0.0,0.0,0.0,0.0,0.399656,2.375
395.18236296,0.52690981728,0.00496391,28,0,0.0,0.0,0.0,0.0,0.0,0.359963,4.9000001
378.35082816,0.5405011830857143,0.0046969153333333334,32,1,0.0,0.0,0.0,0.0,0.0,0.342118,2.05
378.35082816,0.5044677708799999,0.0046969153333333334,32,1,0.0,0.0,0.0,0.0,0.0,0.34581599,0.72500002
378.35082816,0.5820781971692307,0.0046969153333333334,32,0,0.0,0.0,0.0,0.0,0.0,0.360502,1.475
389.27752944,0.5190367059200001,0.004691629666666666,31,1,0.0,0.0,0.0,0.0,0.0,0.32841799,0.95000001
398.4382992,0.6640638320000001,0.00469686,30,1,0.0,0.0,0.0,0.0,0.0,0.421114,12.3
398.4382992,0.5312510656,0.00469686,30,1,0.0,0.0,0.0,0.0,0.0,0.31942999,1.4
398.4382992,0.498047874,0.00469686,30,1,0.0,0.0,0.0,0.0,0.0,0.316955,0.39999998999999997
386.90455896000003,0.5527207985142858,0.004694661,29,1,0.0,0.0,0.0,0.0,0.0,0.345918,2.67499995
383.64862272,0.6394143712,0.004671642,28,1,0.0,0.0,0.0,0.0,0.0,0.50857002,10.1000002
383.64862272,0.5902286503384615,0.004671642,28,1,0.0,0.0,0.0,0.0,0.0,0.41058299,5.6999998
383.64862272,0.5480694610285715,0.004671642,28,1,0.0,0.0,0.0,0.0,0.0,0.358183,2.425
383.64862272,0.51153149696,0.004671642,28,1,0.0,0.0,0.0,0.0,0.0,0.333747,0.724999995
383.64862272,0.5480694610285715,0.004671642,28,0,0.0,0.0,0.0,0.0,0.0,0.31596801,2.8000000500000004
387.13447833,0.6452241305499999,0.004768587,31,1,0.0,0.0,0.0,0.0,0.0,0.484409,10.4499998
387.13447833,0.5955915051230769,0.004768587,31,1,0.0,0.0,0.0,0.0,0.0,0.387456,6.0
387.13447833,0.5955915051230769,0.004768587,31,0,0.0,0.0,0.0,0.0,0.0,0.42111,1.4500000000000002
397.71434459999995,0.6628572409999999,0.004722199999999999,30,1,0.0,0.0,0.0,0.0,0.0,0.52999502,12.4
397.71434459999995,0.6118682224615384,0.004722199999999999,30,1,0.0,0.0,0.0,0.0,0.0,0.42674601,7.8000001999999995
397.71434459999995,0.5302857927999999,0.004722199999999999,30,1,0.0,0.0,0.0,0.0,0.0,0.39610001,1.975
407.57411526,0.5822487360857143,0.004742506,29,1,0.0,0.0,0.0,0.0,0.0,0.371039,5.0
407.57411526,0.54343215368,0.004742506,29,1,0.0,0.0,0.0,0.0,0.0,0.330109,2.0250000000000004
407.57411526,0.509467644075,0.004742506,29,1,0.0,0.0,0.0,0.0,0.0,0.32008201,0.625
407.57411526,0.5822487360857143,0.004742506,29,0,0.0,0.0,0.0,0.0,0.0,0.353863,1.475
407.57411526,0.54343215368,0.006409598709677419,93,1,0.0,0.0,0.0,0.0,0.0,0.34366101,4.5
416.1598706099999,0.5548798274799999,0.004735624,28,1,0.0,0.0,0.0,0.0,0.0,0.301303,2.57500005
416.1598706099999,0.5201998382624999,0.004735624,28,1,0.0,0.0,0.0,0.0,0.0,0.25242499,0.54999999
416.1598706099999,0.5945141008714284,0.004735624,28,0,0.0,0.0,0.0,0.0,0.0,0.35416701,0.97500001
416.1598706099999,0.6402459547846153,0.006438969677419354,92,0,0.0,0.0,0.0,0.0,0.0,0.37586701,1.675
416.27065455,0.5203383181875,0.00874019,182,1,0.0,0.0,0.0,0.0,0.0,0.33841801,5.25
416.27065455,0.5946723636428571,0.00874019,182,0,0.0,0.0,0.0,0.0,0.0,0.33771399,4.54999995
415.93830273,0.4893391796823529,0.008877748,178,1,0.0,0.0,0.0,0.0,0.0,0.29698801,2.8000000500000004
379.43499449999996,0.5837461453846153,0.005521294666666666,32,1,0.0,0.0,0.0,0.0,0.0,0.3906,5.0
379.43499449999996,0.5420499921428571,0.005521294666666666,32,1,0.0,0.0,0.0,0.0,0.0,0.35894299,2.15
379.43499449999996,0.5059133259999999,0.005521294666666666,32,1,0.0,0.0,0.0,0.0,0.0,0.32999399,0.625
379.43499449999996,0.47429374312499994,0.005521294666666666,32,1,0.0,0.0,0.0,0.0,0.0,0.39550599,0.3499999905
379.43499449999996,0.6323916574999999,0.005521294666666666,32,0,0.0,0.0,0.0,0.0,0.0,0.38623101,0.47500001
388.24231773,0.5546318824714286,0.005616690333333333,31,1,0.0,0.0,0.0,0.0,0.0,0.327162,2.725
388.24231773,0.4853028971625,0.005616690333333333,31,1,0.0,0.0,0.0,0.0,0.0,0.41843301,0.65
394.16925851999997,0.5630989407428572,0.005712040000000001,30,1,0.0,0.0,0.0,0.0,0.0,0.372511,3.45
382.81390467,0.5468770066714286,0.0058203989999999995,29,1,0.0,0.0,0.0,0.0,0.0,0.35915601,2.25
376.05608433,0.5785478220461538,0.0058103799999999995,28,1,0.0,0.0,0.0,0.0,0.0,0.43417999,4.70000005
376.05608433,0.5372229776142857,0.0058103799999999995,28,1,0.0,0.0,0.0,0.0,0.0,0.39109701,1.94999995
376.05608433,0.5014081124399999,0.0058103799999999995,28,1,0.0,0.0,0.0,0.0,0.0,0.380178,0.650000005
349.46793873,0.58244656455,0.008518550666666666,32,0,0.0,0.0,0.0,0.0,0.0,0.386758,1.5499999999999998
363.75906699,0.60626511165,0.008657753333333334,31,0,0.0,0.0,0.0,0.0,0.0,0.392903,0.874999995
363.75906699,0.5596293338307693,0.008657753333333334,31,0,0.0,0.0,0.0,0.0,0.0,0.34355,2.275
352.56988905,0.5424152139230769,0.00875826,30,0,0.0,0.0,0.0,0.0,0.0,0.355187,3.3999999499999998
352.56988905,0.5036712700714285,0.00875826,30,0,0.0,0.0,0.0,0.0,0.0,0.360865,7.0999999
347.64000372,0.5794000062,0.008867362,29,0,0.0,0.0,0.0,0.0,0.0,0.389709,1.525
347.64000372,0.5348307749538461,0.008867362,29,0,0.0,0.0,0.0,0.0,0.0,0.35297799,3.8000000500000004
346.14442053,0.5325298777384615,0.008971848,28,1,0.0,0.0,0.0,0.0,0.0,0.34883001,1.3250000000000002
346.14442053,0.5769073675499999,0.008971848,28,0,0.0,0.0,0.0,0.0,0.0,0.38082701,1.6
332.50670855,0.6045576519090908,0.010868302666666668,32,0,0.0,0.0,0.0,0.0,0.0,0.44554701,1.175
332.50670855,0.5541778475833333,0.010868302666666668,32,0,0.0,0.0,0.0,0.0,0.0,0.38674101,2.7750001
332.50670855,0.44334227806666665,0.019194428461538463,186,1,0.0,0.0,0.0,0.0,0.0,0.337524,1.45
332.50670855,0.5541778475833333,0.019194428461538463,186,0,0.0,0.0,0.0,0.0,0.0,0.32356399,5.6500001
333.50406245,0.6063710226363637,0.010960106999999998,31,0,0.0,0.0,0.0,0.0,0.0,0.447043,1.074999995
333.50406245,0.4168800780625,0.01942175065934066,185,1,0.0,0.0,0.0,0.0,0.0,0.33664399,1.025
339.8760457,0.5228862241538462,0.011105190000000001,30,1,0.0,0.0,0.0,0.0,0.0,0.34013599,1.0499999899999999
339.8760457,0.6179564467272728,0.011105190000000001,30,0,0.0,0.0,0.0,0.0,0.0,0.41047901,0.650000005
339.8760457,0.45316806093333334,0.014950978064516129,93,1,0.0,0.0,0.0,0.0,0.0,0.333783,0.674999985
339.8760457,0.5228862241538462,0.01967948538461538,184,0,0.0,0.0,0.0,0.0,0.0,0.33710301,7.70000005
320.98173015,0.5836031457272727,0.0112833005,29,0,0.0,0.0,0.0,0.0,0.0,0.42851001,1.525
320.98173015,0.5349695502499999,0.015174727096774194,92,0,0.0,0.0,0.0,0.0,0.0,0.38079,5.5
320.98173015,0.5836031457272727,0.019955542197802198,183,0,0.0,0.0,0.0,0.0,0.0,0.38503399,4.5500001
320.98173015,0.5349695502499999,0.019955542197802198,183,0,0.0,0.0,0.0,0.0,0.0,0.36709201,6.9000001
320.98173015,0.49381804638461535,0.019955542197802198,183,0,0.0,0.0,0.0,0.0,0.0,0.357402,10.0000002
320.98173015,0.45854532878571425,0.019955542197802198,183,0,0.0,0.0,0.0,0.0,0.0,0.365511,13.9
325.80227399999995,0.5923677709090909,0.011331921,28,0,0.0,0.0,0.0,0.0,0.0,0.41553301,1.125
325.80227399999995,0.5430037899999999,0.011331921,28,0,0.0,0.0,0.0,0.0,0.0,0.358814,2.9749999
325.80227399999995,0.5012342676923076,0.011331921,28,0,0.0,0.0,0.0,0.0,0.0,-99.989998,6.1500001
325.80227399999995,0.5430037899999999,0.015313769999999999,91,0,0.0,0.0,0.0,0.0,0.0,0.35380799,4.70000005
325.80227399999995,0.46543181999999994,0.015313769999999999,91,0,0.0,0.0,0.0,0.0,0.0,-99.989998,10.900000200000001
325.80227399999995,0.5012342676923076,0.02019657,182,1,0.0,0.0,0.0,0.0,0.0,0.317954,3.14999995
325.80227399999995,0.43440303199999997,0.02019657,182,1,0.0,0.0,0.0,0.0,0.0,0.35025999,1.4999999549999998
325.80227399999995,0.5430037899999999,0.02019657,182,0,0.0,0.0,0.0,0.0,0.0,0.33294001,5.9000001
330.56740929999995,0.47223915614285705,0.020300873333333334,178,1,0.0,0.0,0.0,0.0,0.0,0.33208901,2.25
330.56740929999995,0.47223915614285705,0.020300873333333334,178,0,0.0,0.0,0.0,0.0,0.0,0.30780199,11.899999999999999
330.56740929999995,0.41320926162499994,0.020300873333333334,178,0,0.0,0.0,0.0,0.0,0.0,0.27221799,20.45
326.85503645,0.5028539022307692,0.02055518333333333,177,1,0.0,0.0,0.0,0.0,0.0,0.35259101,3.6999999499999996
326.85503645,0.5447583940833334,0.02055518333333333,177,0,0.0,0.0,0.0,0.0,0.0,0.35214001,6.04999995
333.17161115,0.5552860185833333,0.017335014666666666,32,1,0.0,0.0,0.0,0.0,0.0,0.38999301,2.8249999499999996
350.01581035,0.5384858620769231,0.017627751,31,1,0.0,0.0,0.0,0.0,0.0,0.38412401,2.075
350.01581035,0.5833596839166666,0.017627751,31,0,0.0,0.0,0.0,0.0,0.0,0.39254299,1.475
354.61472,0.5065924571428571,0.01790748,30,1,0.0,0.0,0.0,0.0,0.0,0.33170801,0.57499999
357.05269619999996,0.5493118403076922,0.018200617500000002,29,1,0.0,0.0,0.0,0.0,0.0,0.37343401,2.4499999499999996
353.67277464999995,0.6430414084545454,0.018491926,28,0,0.0,0.0,0.0,0.0,0.0,0.484918,0.525000005
379.49315894999995,0.5421330842142856,0.024041968333333334,31,1,0.0,0.0,0.0,0.0,0.0,0.25604299,1.425
379.49315894999995,0.5059908785999999,0.024041968333333334,31,1,0.0,0.0,0.0,0.0,0.0,0.26223701,0.324999995
374.94965785,0.49993287713333334,0.02424563,30,1,0.0,0.0,0.0,0.0,0.0,0.283167,0.27500001
376.77813999999995,0.5023708533333333,0.0244986675,29,1,0.0,0.0,0.0,0.0,0.0,0.268933,0.25
372.18444845,0.5725914591538461,0.03302146131868132,186,0,0.0,0.0,0.0,0.0,0.0,0.33812001,4.89999985
350.79007807,0.5011286829571429,0.03320066923076923,185,1,0.0,0.0,0.0,0.0,0.0,0.33693999,3.89999995
350.79007807,0.5396770431846154,0.03320066923076923,185,0,0.0,0.0,0.0,0.0,0.0,0.33906499,6.54999995
354.725312,0.5067504457142856,0.030165491612903224,93,1,0.0,0.0,0.0,0.0,0.0,0.34768799,2.42499995
354.725312,0.5457312492307692,0.033419885274725274,184,1,0.0,0.0,0.0,0.0,0.0,0.38365701,6.95000005
354.725312,0.5912088533333333,0.033419885274725274,184,0,0.0,0.0,0.0,0.0,0.0,0.38239899,4.5000001
355.11329280999996,0.5463281427846153,0.033675215714285715,183,1,0.0,0.0,0.0,0.0,0.0,0.34898999,6.3499999
355.11329280999996,0.5073047040142856,0.033675215714285715,183,0,0.0,0.0,0.0,0.0,0.0,0.34205401,9.25
348.24048989,0.4974864141285714,0.03057535,91,1,0.0,0.0,0.0,0.0,0.0,0.332436,1.82499995
348.24048989,0.5357545998307692,0.03391505,182,1,0.0,0.0,0.0,0.0,0.0,0.36776701,6.0
348.24048989,0.5357545998307692,0.03391505,182,0,0.0,0.0,0.0,0.0,0.0,0.352016,6.95000005
355.22414447,0.5074630635285714,0.028171652,32,1,0.0,0.0,0.0,0.0,0.0,0.328408,0.67500001
355.22414447,0.71044828894,0.034094149,179,0,0.0,0.0,0.0,0.0,0.0,0.40835401,1.575
345.02579175,0.4928939882142857,0.028317844333333335,31,1,0.0,0.0,0.0,0.0,0.0,0.365677,0.47500000499999995
341.09055781999996,0.5247547043384615,0.02845304,30,1,0.0,0.0,0.0,0.0,0.0,0.36014801,1.275
341.09055781999996,0.48727222545714277,0.02845304,30,1,0.0,0.0,0.0,0.0,0.0,0.44880599,0.725
341.09055781999996,0.5684842630333332,0.02845304,30,0,0.0,0.0,0.0,0.0,0.0,0.36702299,1.7999999999999998
341.09055781999996,0.5247547043384615,0.03453666166666666,177,1,0.0,0.0,0.0,0.0,0.0,0.33803299,4.64999985
341.09055781999996,0.5247547043384615,0.03453666166666666,177,0,0.0,0.0,0.0,0.0,0.0,0.339881,7.4000001
338.48554380999997,0.5207469904769231,0.0285700615,29,1,0.0,0.0,0.0,0.0,0.0,0.36133701,1.0750000000000002
329.39570769,0.54899284615,0.028653710000000002,28,1,0.0,0.0,0.0,0.0,0.0,0.35248101,2.05
329.39570769,0.5067626272153846,0.028653710000000002,28,1,0.0,0.0,0.0,0.0,0.0,0.514947,1.425000005
342.25450025,0.5265453849999999,0.03205844133333333,32,1,0.0,0.0,0.0,0.0,0.0,0.449985,1.97499995
342.25450025,0.5704241670833333,0.03205844133333333,32,0,0.0,0.0,0.0,0.0,0.0,0.455695,2.4749999
346.68856665,0.5333670256153846,0.03216314133333333,31,1,0.0,0.0,0.0,0.0,0.0,0.44178501,2.2250000500000002
346.68856665,0.4952693809285714,0.03216314133333333,31,1,0.0,0.0,0.0,0.0,0.0,0.44871101,0.95000001
346.68856665,0.6933771333,0.03216314133333333,31,0,0.0,0.0,0.0,0.0,0.0,0.64077199,0.57499999
346.68856665,0.6303428484545455,0.03216314133333333,31,0,0.0,0.0,0.0,0.0,0.0,0.52317601,0.97499999
342.75333272,0.5273128195692308,0.032309489999999996,30,1,0.0,0.0,0.0,0.0,0.0,0.442871,1.875
342.75333272,0.5712555545333333,0.032309489999999996,30,0,0.0,0.0,0.0,0.0,0.0,0.451776,2.29999995
342.75333272,0.5273128195692308,0.03548156161290322,93,1,0.0,0.0,0.0,0.0,0.0,0.372677,3.5
342.75333272,0.5712555545333333,0.03548156161290322,93,0,0.0,0.0,0.0,0.0,0.0,0.395742,3.8000000500000004
337.76500802,0.5196384738769231,0.032370096,29,1,0.0,0.0,0.0,0.0,0.0,0.45325699,1.625
337.76500802,0.6141181964,0.032370096,29,0,0.0,0.0,0.0,0.0,0.0,0.50465101,1.0999999950000001
337.76500802,0.5629416800333333,0.032370096,29,0,0.0,0.0,0.0,0.0,0.0,0.469271,2.67499995
348.85017401999994,0.5366925754153845,0.032481091000000004,28,1,0.0,0.0,0.0,0.0,0.0,0.42957401,2.17499995
348.85017401999994,0.49835739145714275,0.032481091000000004,28,1,0.0,0.0,0.0,0.0,0.0,0.41813901,0.77499998
348.85017401999994,0.5814169566999999,0.032481091000000004,28,0,0.0,0.0,0.0,0.0,0.0,0.45698899,1.7999999999999998
348.85017401999994,0.49835739145714275,0.032481091000000004,28,0,0.0,0.0,0.0,0.0,0.0,0.418156,7.70000005
384.54440853999995,0.6409073475666666,0.034528095333333335,32,1,0.0,0.0,0.0,0.0,0.0,0.48117301,10.25
384.54440853999995,0.5493491550571428,0.034528095333333335,32,1,0.0,0.0,0.0,0.0,0.0,0.35719499,2.7250000500000002
384.54440853999995,0.5127258780533333,0.034528095333333335,32,1,0.0,0.0,0.0,0.0,0.0,0.34679401,0.999999995
384.54440853999995,0.5916067823692307,0.034528095333333335,32,0,0.0,0.0,0.0,0.0,0.0,0.38493201,1.3
384.54440853999995,0.5493491550571428,0.034528095333333335,32,0,0.0,0.0,0.0,0.0,0.0,0.339838,3.0249999499999998
389.0893266,0.5558418951428571,0.034732994333333336,31,1,0.0,0.0,0.0,0.0,0.0,0.35987699,3.0249999499999998
389.0893266,0.5187857687999999,0.034732994333333336,31,1,0.0,0.0,0.0,0.0,0.0,0.35022101,1.15
389.0893266,0.5558418951428571,0.034732994333333336,31,0,0.0,0.0,0.0,0.0,0.0,0.35032499,2.75
386.04090595,0.5514870085,0.034942190000000005,30,1,0.0,0.0,0.0,0.0,0.0,0.358684,2.7749999499999998
386.04090595,0.5147212079333333,0.034942190000000005,30,1,0.0,0.0,0.0,0.0,0.0,0.34397301,0.97499999
386.04090595,0.5939090860769232,0.034942190000000005,30,0,0.0,0.0,0.0,0.0,0.0,0.38003001,1.125
384.59983437,0.64099972395,0.035161673000000004,29,1,0.0,0.0,0.0,0.0,0.0,0.44462401,9.8000002
384.59983437,0.5916920528769231,0.035161673000000004,29,1,0.0,0.0,0.0,0.0,0.0,0.394952,5.60000015
384.59983437,0.5494283348142857,0.035161673000000004,29,1,0.0,0.0,0.0,0.0,0.0,0.357232,2.4499999499999996
384.59983437,0.51279977916,0.035161673000000004,29,1,0.0,0.0,0.0,0.0,0.0,0.346279,0.82499999
384.59983437,0.5916920528769231,0.035161673000000004,29,0,0.0,0.0,0.0,0.0,0.0,0.38897899,1.275
384.59983437,0.5494283348142857,0.035161673000000004,29,0,0.0,0.0,0.0,0.0,0.0,0.34895301,3.1
388.36879080999995,0.77673758162,0.035359263,28,1,0.0,0.0,0.0,0.0,0.0,0.64410299,20.299999
388.36879080999995,0.5548125583,0.035359263,28,1,0.0,0.0,0.0,0.0,0.0,0.337028,2.7250000500000002
388.36879080999995,0.5178250544133333,0.035359263,28,1,0.0,0.0,0.0,0.0,0.0,0.33125001,0.92500001
388.36879080999995,0.6472813180166666,0.035359263,28,0,0.0,0.0,0.0,0.0,0.0,0.46617001,0.45000000500000004
388.36879080999995,0.5974904473999999,0.035359263,28,0,0.0,0.0,0.0,0.0,0.0,0.37489,0.925000005
388.36879080999995,0.5548125583,0.035359263,28,0,0.0,0.0,0.0,0.0,0.0,0.33754599,2.5
400.33953321,0.5719136188714286,0.0465798812087912,186,0,0.0,0.0,0.0,0.0,0.0,0.339261,5.1500001
398.7871849300001,0.7975743698600002,0.04667279186813187,185,0,0.0,0.0,0.0,0.0,0.0,0.44990101,1.0499999949999999
398.7871849300001,0.5696959784714287,0.04667279186813187,185,0,0.0,0.0,0.0,0.0,0.0,0.321697,4.89999985
399.28615402,0.49910769252500004,0.043195629032258064,93,1,0.0,0.0,0.0,0.0,0.0,0.283503,1.65
399.28615402,0.5323815386933334,0.04671140736263737,184,1,0.0,0.0,0.0,0.0,0.0,0.31262201,5.79999995
399.28615402,0.887302564488889,0.04671140736263737,184,0,0.0,0.0,0.0,0.0,0.0,0.58688802,1.35
399.28615402,0.4697484164941177,0.04671140736263737,184,0,0.0,0.0,0.0,0.0,0.0,0.27701601,13.75
386.59016273000003,0.5947540965076924,0.043202894516129034,92,1,0.0,0.0,0.0,0.0,0.0,0.34294599,7.79999995
386.59016273000003,0.5522716610428572,0.043202894516129034,92,0,0.0,0.0,0.0,0.0,0.0,0.30367199,4.04999995
386.59016273000003,0.5522716610428572,0.04673929626373627,183,1,0.0,0.0,0.0,0.0,0.0,0.332697,7.1500001
386.59016273000003,0.5154535503066667,0.04673929626373627,183,1,0.0,0.0,0.0,0.0,0.0,0.30892801,4.5999999
386.59016273000003,0.5522716610428572,0.04673929626373627,183,0,0.0,0.0,0.0,0.0,0.0,0.31797501,5.70000005
388.08707000000004,0.5174494266666667,0.04317334,91,1,0.0,0.0,0.0,0.0,0.0,0.29478499,2.4499999499999996
388.08707000000004,0.48510883750000006,0.04317334,91,1,0.0,0.0,0.0,0.0,0.0,0.284273,1.124999995
388.08707000000004,0.5544101,0.04317334,91,0,0.0,0.0,0.0,0.0,0.0,0.30310601,3.9
388.08707000000004,0.5544101,0.0467345,182,1,0.0,0.0,0.0,0.0,0.0,0.33396599,7.1500001
388.08707000000004,0.5174494266666667,0.0467345,182,1,0.0,0.0,0.0,0.0,0.0,0.320319,4.79999995
388.08707000000004,0.5970570307692308,0.0467345,182,0,0.0,0.0,0.0,0.0,0.0,0.33694199,3.75
384.09531728,0.5487075961142858,0.040315618000000004,32,1,0.0,0.0,0.0,0.0,0.0,0.26702499,1.95
384.09531728,0.5121270897066666,0.040315618000000004,32,1,0.0,0.0,0.0,0.0,0.0,0.260941,0.47500001000000003
384.09531728,0.5909158727384616,0.040315618000000004,32,0,0.0,0.0,0.0,0.0,0.0,0.29927799,0.775000005
384.09531728,0.5121270897066666,0.046692839,179,1,0.0,0.0,0.0,0.0,0.0,0.30266699,4.20000005
384.09531728,0.6401588621333334,0.046692839,179,0,0.0,0.0,0.0,0.0,0.0,0.35899001,2.475
385.53678354000004,0.5507668336285715,0.04037791666666667,31,1,0.0,0.0,0.0,0.0,0.0,0.263511,2.0249999499999998
385.53678354000004,0.5931335131384616,0.04037791666666667,31,0,0.0,0.0,0.0,0.0,0.0,0.29654101,0.67500001
385.53678354000004,0.48192097942500006,0.046720036666666666,178,1,0.0,0.0,0.0,0.0,0.0,0.30097699,2.7749999499999998
385.53678354000004,0.5931335131384616,0.046720036666666666,178,0,0.0,0.0,0.0,0.0,0.0,0.335841,3.75
394.13014009000005,0.5630430572714287,0.04046806,30,1,0.0,0.0,0.0,0.0,0.0,0.273839,2.85
394.13014009000005,0.5255068534533334,0.04046806,30,1,0.0,0.0,0.0,0.0,0.0,0.244038,0.67500001
394.13014009000005,0.49266267511250006,0.04046806,30,1,0.0,0.0,0.0,0.0,0.0,0.26326701,0.15000000000000002
394.13014009000005,0.6063540616769232,0.04046806,30,0,0.0,0.0,0.0,0.0,0.0,0.297822,0.42500000000000004
394.13014009000005,0.5630430572714287,0.04046806,30,0,0.0,0.0,0.0,0.0,0.0,0.262582,1.575
394.13014009000005,0.5255068534533334,0.04675753999999999,177,1,0.0,0.0,0.0,0.0,0.0,0.308274,5.10000015
388.47515706999997,0.5549645100999999,0.040520731,29,1,0.0,0.0,0.0,0.0,0.0,0.28273499,2.3000000500000004
388.47515706999997,0.6474585951166666,0.040520731,29,0,0.0,0.0,0.0,0.0,0.0,0.37092599,0.20000000499999998
388.47515706999997,0.5976540878,0.040520731,29,0,0.0,0.0,0.0,0.0,0.0,0.31570199,0.650000005
388.47515706999997,0.5549645100999999,0.040520731,29,0,0.0,0.0,0.0,0.0,0.0,0.27338001,2.075
384.64972738,0.5494996105428571,0.04129288066666667,31,1,0.0,0.0,0.0,0.0,0.0,0.31638601,2.375
384.64972738,0.5128663031733334,0.04129288066666667,31,1,0.0,0.0,0.0,0.0,0.0,0.29290399,0.650000005
384.64972738,0.5494996105428571,0.04129288066666667,31,0,0.0,0.0,0.0,0.0,0.0,0.307809,2.6999999499999996
378.82842133,0.5411834590428571,0.04114548,30,1,0.0,0.0,0.0,0.0,0.0,0.31365901,1.825
378.82842133,0.5828129558923077,0.04114548,30,0,0.0,0.0,0.0,0.0,0.0,0.34444699,1.225
378.82842133,0.5411834590428571,0.04114548,30,0,0.0,0.0,0.0,0.0,0.0,0.309376,3.25
368.23918842000006,0.526055983457143,0.04101151,29,1,0.0,0.0,0.0,0.0,0.0,0.32314,1.149999995
368.23918842000006,0.4909855845600001,0.04101151,29,1,0.0,0.0,0.0,0.0,0.0,0.30193001,0.22500000999999997
368.23918842000006,0.6695257971272729,0.04101151,29,0,0.0,0.0,0.0,0.0,0.0,0.46434399,0.25
376.16725285,0.5373817897857143,0.04091205,28,1,0.0,0.0,0.0,0.0,0.0,0.32166901,1.6
376.16725285,0.5015563371333334,0.04091205,28,1,0.0,0.0,0.0,0.0,0.0,0.28589901,0.300000005
376.16725285,0.5373817897857143,0.04091205,28,0,0.0,0.0,0.0,0.0,0.0,0.29990199,3.4
414.80963682,0.5925851954571428,0.041461652,32,1,0.0,0.0,0.0,0.0,0.0,0.301305,5.8499999
414.80963682,0.55307951576,0.041461652,32,1,0.0,0.0,0.0,0.0,0.0,0.262041,2.35
414.80963682,0.55307951576,0.041461652,32,0,0.0,0.0,0.0,0.0,0.0,0.25964701,2.2749999499999998
413.53449359000007,0.5513793247866667,0.04146797666666667,31,1,0.0,0.0,0.0,0.0,0.0,0.2457,2.05000005
413.53449359000007,0.5513793247866667,0.04146797666666667,31,0,0.0,0.0,0.0,0.0,0.0,0.232934,2.125
414.14434470000003,0.5521924596000001,0.04148146,30,1,0.0,0.0,0.0,0.0,0.0,0.23493101,1.97499995
413.31272955000003,0.5510836394,0.041471418,29,1,0.0,0.0,0.0,0.0,0.0,0.23350801,1.85
413.31272955000003,0.5166409119375001,0.041471418,29,1,0.0,0.0,0.0,0.0,0.0,0.22815999,0.375
414.75419581000006,0.5530055944133334,0.041338929,28,1,0.0,0.0,0.0,0.0,0.0,0.235835,1.9249999999999998
414.75419581000006,0.5925059940142858,0.041338929,28,0,0.0,0.0,0.0,0.0,0.0,0.269117,0.525000005
414.75419581000006,0.5530055944133334,0.041338929,28,0,0.0,0.0,0.0,0.0,0.0,0.2321,1.95
372.28035719,0.5727390110615385,0.050135087362637366,186,1,0.0,0.0,0.0,0.0,0.0,0.32233599,7.99999975
372.28035719,0.4653504464875,0.050135087362637366,186,1,0.0,0.0,0.0,0.0,0.0,0.270273,1.725
372.28035719,0.5318290817,0.050135087362637366,186,0,0.0,0.0,0.0,0.0,0.0,0.292474,6.4499998
378.15875997,0.5402267999571428,0.05010564813186814,185,1,0.0,0.0,0.0,0.0,0.0,0.28515801,5.45000005
378.15875997,0.4726984499625,0.05010564813186814,185,1,0.0,0.0,0.0,0.0,0.0,0.25853899,1.7999999999999998
378.15875997,0.6302645999500001,0.05010564813186814,185,0,0.0,0.0,0.0,0.0,0.0,0.33171001,2.375
366.90106407999997,0.5241443772571428,0.046370891612903226,93,1,0.0,0.0,0.0,0.0,0.0,0.306326,2.8249999499999996
366.90106407999997,0.38621164639999994,0.046370891612903226,93,1,0.0,0.0,0.0,0.0,0.0,0.32462999,0.075000005
366.90106407999997,0.5644631755076922,0.05000720340659341,184,1,0.0,0.0,0.0,0.0,0.0,0.33495,7.5500001999999995
366.90106407999997,0.5241443772571428,0.05000720340659341,184,1,0.0,0.0,0.0,0.0,0.0,0.29954499,4.6500001
366.90106407999997,0.4586263301,0.05000720340659341,184,1,0.0,0.0,0.0,0.0,0.0,0.28168201,1.625
366.90106407999997,0.5644631755076922,0.05000720340659341,184,0,0.0,0.0,0.0,0.0,0.0,0.30961201,4.54999995
374.11042598,0.5344434656857143,0.04634217161290323,92,1,0.0,0.0,0.0,0.0,0.0,0.29544699,3.2249999
374.11042598,0.4988139013066667,0.04634217161290323,92,1,0.0,0.0,0.0,0.0,0.0,0.283555,1.525
374.11042598,0.5755545015076923,0.049897962307692306,183,1,0.0,0.0,0.0,0.0,0.0,0.30990401,7.95000005
367.06743397,0.5243820485285715,0.046251480000000005,91,1,0.0,0.0,0.0,0.0,0.0,0.31596199,2.8000000500000004
367.06743397,0.48942324529333336,0.046251480000000005,91,1,0.0,0.0,0.0,0.0,0.0,0.29389,1.225
367.06743397,0.5647191291846154,0.04973015,182,0,0.0,0.0,0.0,0.0,0.0,0.320467,4.70000005
372.89038012,0.5327005430285714,0.04333266266666667,32,1,0.0,0.0,0.0,0.0,0.0,0.302681,1.4
372.89038012,0.6779825093090909,0.04333266266666667,32,0,0.0,0.0,0.0,0.0,0.0,0.41594499,0.1500000005
372.89038012,0.5736775078769231,0.049500725,179,0,0.0,0.0,0.0,0.0,0.0,0.30860499,4.04999995
380.98704810000004,0.5442672115714287,0.043346625333333326,31,1,0.0,0.0,0.0,0.0,0.0,0.286991,1.825
380.98704810000004,0.5442672115714287,0.04937360933333333,178,1,0.0,0.0,0.0,0.0,0.0,0.29251,5.70000005
374.16588261,0.49888784348,0.049252955,177,1,0.0,0.0,0.0,0.0,0.0,0.31527901,3.67499995
373.44494642,0.5334927806,0.043355498,29,1,0.0,0.0,0.0,0.0,0.0,0.30648199,1.2000000000000002
375.66321161999997,0.5779434024923077,0.043350023999999994,28,1,0.0,0.0,0.0,0.0,0.0,0.32996801,4.1750001
375.66321161999997,0.5366617308857142,0.043350023999999994,28,1,0.0,0.0,0.0,0.0,0.0,0.30956501,1.475
383.92624949000003,0.5484660707000001,0.04527164066666667,32,1,0.0,0.0,0.0,0.0,0.0,0.27886099,2.04999995
383.92624949000003,0.5119016659866668,0.04527164066666667,32,1,0.0,0.0,0.0,0.0,0.0,0.245919,0.39999998999999997
383.92624949000003,0.5906557684461539,0.04527164066666667,32,0,0.0,0.0,0.0,0.0,0.0,0.30777201,0.82499999
384.53627242000005,0.5493375320285715,0.045331238,31,1,0.0,0.0,0.0,0.0,0.0,0.317099,2.07500005
384.53627242000005,0.5915942652615386,0.045331238,31,0,0.0,0.0,0.0,0.0,0.0,0.27915099,0.75
382.15163732999997,0.5879255958923076,0.04538238,30,0,0.0,0.0,0.0,0.0,0.0,0.269748,0.849999995
381.26433125,0.5446633303571429,0.045430749500000006,29,1,0.0,0.0,0.0,0.0,0.0,0.27071401,1.6
381.26433125,0.5446633303571429,0.045430749500000006,29,0,0.0,0.0,0.0,0.0,0.0,0.271685,2.7250000500000002
376.71688759000006,0.5381669822714287,0.045438735,28,1,0.0,0.0,0.0,0.0,0.0,0.27096599,1.275
376.71688759000006,0.5795644424461539,0.045438735,28,0,0.0,0.0,0.0,0.0,0.0,0.30763,1.024999995
355.69882482,0.5472289612615385,0.04659115666666667,32,1,0.0,0.0,0.0,0.0,0.0,0.248303,1.475
355.69882482,0.5081411783142857,0.04659115666666667,32,1,0.0,0.0,0.0,0.0,0.0,0.22694699,0.20000000499999998
355.69882482,0.47426509976000003,0.04659115666666667,32,1,0.0,0.0,0.0,0.0,0.0,0.287525,0.075000005
355.69882482,0.5472289612615385,0.04659115666666667,32,0,0.0,0.0,0.0,0.0,0.0,0.19898,2.0
350.65227149,0.5394650330615385,0.046613765333333335,31,1,0.0,0.0,0.0,0.0,0.0,0.26339301,1.05
350.65227149,0.5844204524833333,0.046613765333333335,31,0,0.0,0.0,0.0,0.0,0.0,0.240014,0.67500001
350.65227149,0.5394650330615385,0.046613765333333335,31,0,0.0,0.0,0.0,0.0,0.0,0.140618,2.5249999499999998
357.19615383,0.5495325443538461,0.04661475,30,1,0.0,0.0,0.0,0.0,0.0,0.234837,1.425
357.19615383,0.5102802197571429,0.04661475,30,1,0.0,0.0,0.0,0.0,0.0,0.226997,0.20000000499999998
357.19615383,0.47626153844,0.04661475,30,1,0.0,0.0,0.0,0.0,0.0,0.29109401,0.075000005
357.19615383,0.59532692305,0.04661475,30,0,0.0,0.0,0.0,0.0,0.0,0.26369801,0.45000000500000004
357.19615383,0.5495325443538461,0.04661475,30,0,0.0,0.0,0.0,0.0,0.0,0.196302,1.8
362.02088064000003,0.5569552009846155,0.04658769149999999,29,1,0.0,0.0,0.0,0.0,0.0,0.230957,1.95
362.02088064000003,0.5171726866285715,0.04658769149999999,29,1,0.0,0.0,0.0,0.0,0.0,0.224904,0.324999995
362.02088064000003,0.48269450752000004,0.04658769149999999,29,1,0.0,0.0,0.0,0.0,0.0,0.248869,0.05
362.02088064000003,0.6033681344,0.04658769149999999,29,0,0.0,0.0,0.0,0.0,0.0,0.27810901,0.32500000500000004
362.02088064000003,0.5569552009846155,0.04658769149999999,29,0,0.0,0.0,0.0,0.0,0.0,0.21873,1.375
357.52889361,0.5958814893500001,0.046542183,28,1,0.0,0.0,0.0,0.0,0.0,0.30483699,5.20000005
357.52889361,0.5500444517076923,0.046542183,28,1,0.0,0.0,0.0,0.0,0.0,0.224737,1.45
357.52889361,0.5107555623,0.046542183,28,1,0.0,0.0,0.0,0.0,0.0,0.231387,0.22500000999999997
357.52889361,0.5500444517076923,0.046542183,28,0,0.0,0.0,0.0,0.0,0.0,0.20897999,1.675
364.57276208,0.5208182315428572,0.051959944285714287,186,1,0.0,0.0,0.0,0.0,0.0,0.258185,3.3000000500000004
366.68076039999994,0.5238296577142856,0.05209136,185,1,0.0,0.0,0.0,0.0,0.0,0.228871,3.35
366.68076039999994,0.4889076805333333,0.05209136,185,1,0.0,0.0,0.0,0.0,0.0,0.21741401,1.65
362.18739556,0.5174105650857144,0.05003563516129032,93,1,0.0,0.0,0.0,0.0,0.0,0.215959,1.275
362.18739556,0.5174105650857144,0.052225515934065936,184,1,0.0,0.0,0.0,0.0,0.0,0.225059,2.92499995
368.51139052,0.5264448436,0.050109561935483875,92,1,0.0,0.0,0.0,0.0,0.0,0.21413299,1.675
368.51139052,0.6141856508666667,0.050109561935483875,92,0,0.0,0.0,0.0,0.0,0.0,0.267894,0.97499999
368.51139052,0.5669406008000001,0.050109561935483875,92,0,0.0,0.0,0.0,0.0,0.0,0.231572,2.1499999499999998
368.51139052,0.5264448436,0.05235088604395604,183,1,0.0,0.0,0.0,0.0,0.0,0.24076299,3.45000005
368.51139052,0.5669406008000001,0.05235088604395604,183,0,0.0,0.0,0.0,0.0,0.0,0.25814301,3.6500001
369.67633696,0.5281090528,0.05012926,91,1,0.0,0.0,0.0,0.0,0.0,0.222663,1.75
369.67633696,0.5687328260923077,0.0524452,182,1,0.0,0.0,0.0,0.0,0.0,0.292824,6.9499998
369.67633696,0.5281090528,0.0524452,182,1,0.0,0.0,0.0,0.0,0.0,0.237204,3.6000000500000002
369.67633696,0.49290178261333334,0.0524452,182,1,0.0,0.0,0.0,0.0,0.0,0.237262,2.0250000000000004
366.45886584,0.5637828705230769,0.04788478933333333,31,1,0.0,0.0,0.0,0.0,0.0,0.260308,2.3500000500000002
366.45886584,0.5637828705230769,0.04788478933333333,31,0,0.0,0.0,0.0,0.0,0.0,0.17060401,0.999999995
366.45886584,0.6107647763999999,0.052457126666666666,178,1,0.0,0.0,0.0,0.0,0.0,0.27544799,9.4499998
366.45886584,0.5235126654857143,0.052457126666666666,178,1,0.0,0.0,0.0,0.0,0.0,0.220085,3.1
366.45886584,0.5637828705230769,0.052457126666666666,178,0,0.0,0.0,0.0,0.0,0.0,0.234596,3.15
369.23254784,0.5274750683428572,0.04787625,30,1,0.0,0.0,0.0,0.0,0.0,0.190789,0.32500000500000004
369.23254784,0.5680500736,0.04787625,30,0,0.0,0.0,0.0,0.0,0.0,0.179474,0.775000005
369.23254784,0.5680500736,0.052512474999999996,177,1,0.0,0.0,0.0,0.0,0.0,0.243874,6.1500001
369.23254784,0.5274750683428572,0.052512474999999996,177,1,0.0,0.0,0.0,0.0,0.0,0.219395,3.3000000500000004
369.23254784,0.49231006378666664,0.052512474999999996,177,1,0.0,0.0,0.0,0.0,0.0,0.20570999,1.525
363.0749738,0.5585768827692308,0.0478835095,29,1,0.0,0.0,0.0,0.0,0.0,0.198098,1.825
363.0749738,0.660136316,0.0478835095,29,0,0.0,0.0,0.0,0.0,0.0,0.37721601,0.125
363.0749738,0.5585768827692308,0.0478835095,29,0,0.0,0.0,0.0,0.0,0.0,0.195609,1.125
360.07939724,0.5539683034461539,0.047842582,28,0,0.0,0.0,0.0,0.0,0.0,0.176945,1.325
374.16970180000004,0.5345281454285715,0.048847664,32,1,0.0,0.0,0.0,0.0,0.0,0.236984,0.999999995
376.83243652000004,0.5797422100307693,0.048840289666666675,31,1,0.0,0.0,0.0,0.0,0.0,0.29166099,4.0999999
376.83243652000004,0.5383320521714287,0.048840289666666675,31,1,0.0,0.0,0.0,0.0,0.0,0.24550299,1.15
376.83243652000004,0.5797422100307693,0.048840289666666675,31,0,0.0,0.0,0.0,0.0,0.0,0.266013,0.875
376.83243652000004,0.5024432486933333,0.05374420879120879,185,0,0.0,0.0,0.0,0.0,0.0,0.210032,7.8000001999999995
376.33317376,0.5376188196571429,0.04884338,30,1,0.0,0.0,0.0,0.0,0.0,0.24443699,1.1
377.72001476,0.6295333579333334,0.048848037999999996,29,1,0.0,0.0,0.0,0.0,0.0,0.359862,8.4500003
377.72001476,0.5396000210857144,0.048848037999999996,29,1,0.0,0.0,0.0,0.0,0.0,0.24594399,1.125
375.16822731999997,0.5359546104571428,0.04876943499999999,28,1,0.0,0.0,0.0,0.0,0.0,0.248339,0.92500001
377.88643568000003,0.5038485809066667,0.05383325066666666,178,1,0.0,0.0,0.0,0.0,0.0,0.205714,2.0249999499999998
377.88643568000003,0.5398377652571429,0.05383325066666666,178,0,0.0,0.0,0.0,0.0,0.0,0.22208001,4.5
430.69734096,0.5383716762,0.050421948,32,1,0.0,0.0,0.0,0.0,0.0,0.194555,0.924999985
430.69734096,0.6152819156571429,0.050421948,32,0,0.0,0.0,0.0,0.0,0.0,0.25411499,0.20000000499999998
430.69734096,0.57426312128,0.050421948,32,0,0.0,0.0,0.0,0.0,0.0,0.202033,0.75
430.69734096,0.5383716762,0.050421948,32,0,0.0,0.0,0.0,0.0,0.0,0.182799,3.0249999499999998
421.93250584000003,0.6491269320615385,0.05047363600000001,31,0,0.0,0.0,0.0,0.0,0.0,0.33905599,0.15000000000000002
421.93250584000003,0.6027607226285715,0.05047363600000001,31,0,0.0,0.0,0.0,0.0,0.0,0.249507,0.29999999499999996
421.93250584000003,0.5625766744533334,0.05047363600000001,31,0,0.0,0.0,0.0,0.0,0.0,0.203969,1.2
419.3807184,0.5591742912,0.05048234,30,1,0.0,0.0,0.0,0.0,0.0,0.211441,2.29999995
419.3807184,0.524225898,0.05048234,30,1,0.0,0.0,0.0,0.0,0.0,0.189969,0.375
419.3807184,0.5591742912,0.05048234,30,0,0.0,0.0,0.0,0.0,0.0,0.206146,1.375
414.55451172,0.55273934896,0.0504804695,29,1,0.0,0.0,0.0,0.0,0.0,0.219276,1.85
414.55451172,0.55273934896,0.0504804695,29,0,0.0,0.0,0.0,0.0,0.0,0.206744,1.75
417.439141,0.59634163,0.05045989799999999,28,1,0.0,0.0,0.0,0.0,0.0,0.260261,5.9000001
417.439141,0.5565855213333334,0.05045989799999999,28,1,0.0,0.0,0.0,0.0,0.0,0.21421701,2.04999995
417.439141,0.5565855213333334,0.05045989799999999,28,0,0.0,0.0,0.0,0.0,0.0,0.212303,1.525
